snapped_at,price,market_cap,total_volume
2020-12-22,610.4270278980672,69545799024.42459,14563648896.243876
2020-12-23,634.9797234431858,72327947935.45154,11548425748.838194
2020-12-24,587.9588954992439,67468061368.13851,16795838161.84157
2020-12-25,612.8796570505974,69867514814.01097,15132872519.529186
2020-12-26,626.4567387784558,71422858091.1277,13125875205.90394
2020-12-27,636.7423171944997,72391403990.8806,14640527408.48169
2020-12-28,689.6598573269875,78833072066.0927,24721301579.88044
2020-12-29,732.9570292975275,83575563402.66385,22707049400.143177
2020-12-30,735.5908981625738,83885243123.81543,17170428247.761232
2020-12-31,752.8559324490188,85790178023.44371,13293869466.928808
2021-01-01,738.6169381520413,84037694047.35515,18166112097.655663
2021-01-02,730.1473402196374,83294083323.20639,13843183079.15519
2021-01-03,777.6960653039432,88595346035.55156,20443662605.68775
2021-01-04,967.0005967288458,112525376104.65454,140906534190.58786
2021-01-05,1025.6547675669035,116693162132.74934,62285144708.39812
2021-01-06,1103.3582516225742,125112930227.72488,47148245967.40434
2021-01-07,1208.5750928728885,137306782958.13136,47886847354.00142
2021-01-08,1229.4713150147782,139084939665.71393,43042878463.81648
2021-01-09,1223.7296883535275,139145700786.27826,48132624602.86217
2021-01-10,1282.979575527323,147397891905.5662,34851118090.66404
2021-01-11,1267.7310031512136,144775179901.584,44541377224.12463
2021-01-12,1092.9143378806064,124728988376.03725,67107873698.86543
2021-01-13,1045.406815230412,119330774034.78914,37495863245.02223
2021-01-14,1132.0155910164729,128582223216.0304,32166268470.073757
2021-01-15,1216.9147884634556,138240285220.32953,34339866026.50668
2021-01-16,1171.8600177046465,133962341262.37856,39499008134.40842
2021-01-17,1234.6318700828049,141369013157.282,38277998837.56892
2021-01-18,1229.379698072007,142087383372.707,35508914212.36928
2021-01-19,1255.976691513213,143378258827.21744,30802895108.229195
2021-01-20,1383.4840902277117,157929393133.71045,52274850962.437416
2021-01-21,1385.8529958752583,156457140894.28006,52021227614.32531
2021-01-22,1122.912432537305,130713677392.4996,49658518028.423325
2021-01-23,1236.6834427536564,140271927461.8329,48657448380.08583
2021-01-24,1231.176379704471,140773242456.76056,30774910632.149376
2021-01-25,1392.5397634449737,158167202909.14236,39913977039.25946
2021-01-26,1323.4295031020106,151940348541.692,44124188232.248085
2021-01-27,1355.233724240999,155446593758.92108,40367492548.54314
2021-01-28,1253.141671558609,141774137750.6659,38752412145.036766
2021-01-29,1328.773619066556,152877389472.9714,32668893126.715782
2021-01-30,1380.2842591352105,158354114909.26474,49454503567.54182
2021-01-31,1372.427228964234,157410718624.21973,29581914651.14533
2021-02-01,1317.0474362291775,150322722005.1637,24723054987.87416
2021-02-02,1368.6644548123777,155894407853.50046,28544048877.677177
2021-02-03,1514.2251957516528,174557101587.54166,42952410181.63245
2021-02-04,1661.000824367477,189023794263.7008,42202356538.206825
2021-02-05,1587.8008991859367,183982328605.4526,42668487953.81155
2021-02-06,1724.8569083393102,196424150368.4788,39147540640.174576
2021-02-07,1683.941297865053,192164042318.95844,36776919163.51647
2021-02-08,1608.6405479857196,184109385158.1494,38849634841.44165
2021-02-09,1750.997553719215,198719063426.16904,45540524354.89187
2021-02-10,1769.053533934599,203102939465.473,42127693213.60732
2021-02-11,1739.164209004836,199919369275.37125,40563120176.97226
2021-02-12,1782.5088691218525,203774834938.25632,33868453070.396435
2021-02-13,1841.1977507032907,210344318124.7324,36105354379.40371
2021-02-14,1810.8425457323729,207890872554.91016,33305061601.17683
2021-02-15,1804.9841464366496,207057026271.03052,30218599726.89195
2021-02-16,1775.758351701864,203972439068.60132,37652347195.44906
2021-02-17,1782.5753090505934,204528599567.24704,33252538989.620327
2021-02-18,1845.573922156752,211713928319.0353,33582379213.069286
2021-02-19,1938.5694368074617,221863277318.4042,34799956643.698685
2021-02-20,1969.9797177628184,226038410300.1425,34796767875.96328
2021-02-21,1929.367692879665,221404545098.43417,44957939435.53464
2021-02-22,1941.4267676797988,223004310602.4685,33064349740.90669
2021-02-23,1788.6152102806425,204731064486.9056,53799590366.036766
2021-02-24,1563.9246059011416,179691686731.1511,62714754623.34122
2021-02-25,1628.391533792655,185843232352.39117,40313400449.15527
2021-02-26,1468.8601037286776,168658293547.98462,31736119376.25847
2021-02-27,1450.988746804119,167151176870.9801,36682073651.905846
2021-02-28,1480.1295768477528,167833687528.28204,28221473460.214203
2021-03-01,1416.661552837565,163289758568.53607,35420463945.47327
2021-03-02,1570.399689634054,179885012253.05722,31604939381.8638
2021-03-03,1497.0891042633873,172017777678.2973,29049758215.725
2021-03-04,1579.427168760309,182133382817.63596,30352405292.089718
2021-03-05,1546.4996211167372,177647949967.0106,29848246930.85004
2021-03-06,1539.0484290947377,176268279969.45792,28537887161.01869
2021-03-07,1661.9279698998157,191505024384.2956,31094969328.98433
2021-03-08,1727.463096224567,198695961501.5439,29416647567.95784
2021-03-09,1837.5330305439447,211132676701.59903,35353973627.380775
2021-03-10,1869.3311016255,214412034435.93903,31147565432.965343
2021-03-11,1802.3110916881176,207916309215.61444,31746963272.74199
2021-03-12,1826.0574768119816,210018342198.09775,31257932436.53519
2021-03-13,1770.9361793697751,203771682506.1516,28436574756.548508
2021-03-14,1927.7207203999012,222405459430.7676,32785949401.529545
2021-03-15,1866.0715447008808,215367930757.887,26379565439.25233
2021-03-16,1791.047851830107,207264868908.9888,32950345872.85245
2021-03-17,1808.5512173614395,207059072434.72623,30686971237.08834
2021-03-18,1828.7548332342565,210150824167.56412,30744899541.00949
2021-03-19,1780.1596459528505,205022936620.98636,29651777827.921936
2021-03-20,1817.1329628084295,209188785173.5874,27345983317.046707
2021-03-21,1817.8601431294944,209455699202.5177,29495472699.39933
2021-03-22,1790.3780747526928,206013222508.0891,29228757709.8678
2021-03-23,1686.8911971580417,195434685366.63263,31376731220.175137
2021-03-24,1673.8591835627929,192388701720.41965,28758919428.479744
2021-03-25,1581.631055931366,183005042939.6772,38413713634.36278
2021-03-26,1587.2979641585232,182810172113.9428,26325124557.630264
2021-03-27,1700.3668693581185,195511706252.9431,24804294373.64468
2021-03-28,1713.837875683446,197943394049.89084,21118379279.876865
2021-03-29,1689.0367982059097,194647792269.71985,19859272131.74501
2021-03-30,1817.626388088868,209088522651.80023,32618518751.6075
2021-03-31,1840.294951985396,212080597430.12268,28496809577.711266
2021-04-01,1915.8325358462237,221210690537.73203,28955571443.67232
2021-04-02,1970.4711995232756,227187483748.8278,32076778812.4586
2021-04-03,2134.101788297294,246446284273.69156,35467665330.67185
2021-04-04,2016.6672472930368,233519912234.63,34872897876.651085
2021-04-05,2077.755212422407,239721240194.1402,26817722961.48041
2021-04-06,2097.79638277926,242118495324.8364,30867393925.630997
2021-04-07,2115.055451746108,244306254505.299,33391498272.78316
2021-04-08,1989.148061904172,229324263726.26556,39604003543.54452
2021-04-09,2081.3540625398964,240116470865.1621,27145394978.191498
2021-04-10,2069.667796085529,238825167325.6829,25076796421.07279
2021-04-11,2142.7960653929085,246336623343.4781,32243242817.77716
2021-04-12,2150.2651427927744,247431817683.18903,25369863410.04448
2021-04-13,2142.476275865736,247289165411.2008,29096213677.73583
2021-04-14,2304.343516311013,265314823430.1463,35760747636.05728
2021-04-15,2429.661527751573,281118122172.1276,43351853140.30176
2021-04-16,2514.1684155812304,290591950682.4659,37106765660.11614
2021-04-17,2424.5538447081194,280617563098.8275,43982805217.511246
2021-04-18,2345.266962776132,271060261616.9552,35627176091.57985
2021-04-19,2245.7607533508544,259329079995.4421,61890227351.97623
2021-04-20,2168.032726735651,251090482814.8267,40335730705.29044
2021-04-21,2324.2846872281943,269456185695.19864,44737302423.76558
2021-04-22,2373.501344298211,274296843910.20837,43726884251.94589
2021-04-23,2426.0711497906045,280712855517.3182,63343308067.3157
2021-04-24,2364.2312036020908,273323480799.64493,69126869461.51704
2021-04-25,2212.8437976342047,258340689899.58817,35640594314.43296
2021-04-26,2307.35532084471,266776799157.9336,36744402576.60037
2021-04-27,2532.3868028851084,292829223558.3116,42791797037.03227
2021-04-28,2647.158189660288,306136280873.3804,37611597877.62994
2021-04-29,2748.7845851218613,317353332381.2044,42878743228.1645
2021-04-30,2757.497552304977,318971242360.58826,38536865198.32878
2021-05-01,2776.70371169874,321155845972.33514,35477884578.62226
2021-05-02,2944.9169473185057,340730211563.77893,36721647718.00421
2021-05-03,2953.297348080473,341953594507.36664,35727432415.51426
2021-05-04,3439.8550695192603,398258027094.341,64192650586.42862
2021-05-05,3245.663148933579,380565712269.779,78437235045.70189
2021-05-06,3524.562728476055,409191426695.66266,63552342594.19045
2021-05-07,3495.0758690360576,405355930465.5294,50430169752.9615
2021-05-08,3493.534500000208,404284565609.9548,44980768421.369
2021-05-09,3912.742916596813,450716254202.5674,60174921874.24125
2021-05-10,3932.754068170969,455448294000.9345,61625657297.19764
2021-05-11,3979.608651921282,461040789541.0576,80827215917.6633
2021-05-12,4182.790285752286,481380994613.09344,67869198116.36811
2021-05-13,3906.108903329409,465647015108.638,78772032254.80873
2021-05-14,3750.3415950592753,431105320829.47766,97383442023.2658
2021-05-15,4088.73170832043,473724804234.6842,63587729060.25979
2021-05-16,3659.9218442136175,425715131137.0613,58150860876.14903
2021-05-17,3602.0048969299023,414265118099.5364,67531308123.83328
2021-05-18,3288.229887237864,381161976477.9278,75100584775.8453
2021-05-19,3399.0492796569383,390227141901.1161,59160464538.280525
2021-05-20,2505.014945945662,295232973801.7795,117905041184.06494
2021-05-21,2778.279660560299,322162621074.79614,92538167827.51727
2021-05-22,2419.10321711502,279623071718.589,115000901891.803
2021-05-23,2306.371266867117,268503273693.00333,102524751568.4531
2021-05-24,2120.0373745099428,244070264760.92877,77839858613.53922
2021-05-25,2640.1596323488234,306046123107.58295,73496058830.83229
2021-05-26,2695.477807149633,312566215516.573,92468701273.98392
2021-05-27,2882.483407624011,334435114557.1313,53115222704.62064
2021-05-28,2742.990862697615,319404492002.5219,44070236220.034096
2021-05-29,2433.328865728611,282228507934.91974,49493519120.23643
2021-05-30,2294.626285512794,268672927561.1248,47141249182.27268
2021-05-31,2395.8532280027384,278270782653.56213,37392021393.940125
2021-06-01,2708.429865793973,314463232386.7883,44445830387.932175
2021-06-02,2632.6565998696506,306488816882.1444,39898648753.4186
2021-06-03,2717.1540367097723,315313344228.8267,39148856525.29615
2021-06-04,2858.27670209791,333964598115.05035,38104663185.40115
2021-06-05,2694.4976666790503,312991097366.8545,39996583175.266685
2021-06-06,2624.768915059424,302743417251.8253,34731979704.601685
2021-06-07,2711.5479390111605,315044778229.29706,29050162248.93885
2021-06-08,2580.5355800598445,299857516850.1987,37385872210.25046
2021-06-09,2528.022300878691,294068580258.7281,48344195673.521126
2021-06-10,2620.6253893038547,304761367058.1624,43973432438.08264
2021-06-11,2486.600068788676,289444120869.42664,33075957436.76068
2021-06-12,2356.634774189676,272748408238.43475,26751786966.47868
2021-06-13,2379.991747950219,278223731471.048,28235882061.70689
2021-06-14,2517.771695525423,292767118262.08405,29382118964.283043
2021-06-15,2587.381610979154,300405113218.4146,28128172338.347244
2021-06-16,2561.1883309320037,298324322330.12646,26803957680.02505
2021-06-17,2365.872786190649,274666655404.67456,26150320394.52777
2021-06-18,2380.744519633922,275415199641.5411,25708624827.013702
2021-06-19,2231.554315497782,260039646334.19235,26204484920.993828
2021-06-20,2176.308536317709,253396709038.79895,20456963374.95964
2021-06-21,2251.5605593660407,261478202409.19,26235850446.54907
2021-06-22,1900.1222998935384,223202708788.7209,39499960407.7835
2021-06-23,1875.3576944712036,216876757208.59253,38755019936.85197
2021-06-24,1971.1059779809411,229518675836.76535,28098744044.509525
2021-06-25,1990.076151191059,231644258719.40115,22447489241.67468
2021-06-26,1833.4631609981643,213871849531.6296,25981381067.41728
2021-06-27,1817.047665540675,209989265221.48505,24249510320.705112
2021-06-28,1973.9268648383472,229354016311.0035,24316408028.131123
2021-06-29,2087.518723787417,243040539437.434,30629329805.72042
2021-06-30,2169.400067865984,253607549372.41992,27149143846.958942
2021-07-01,2279.354161419647,265951575833.03497,29046221905.503414
2021-07-02,2121.657900633364,247210647940.18707,25874247678.48856
2021-07-03,2157.880584866453,250754468066.2188,22869223901.008
2021-07-04,2228.532398568573,259079167729.78625,19954299562.699078
2021-07-05,2329.004750998825,271472550895.4458,21119209512.99698
2021-07-06,2217.3018530598792,258719784082.81683,22592756940.415127
2021-07-07,2320.6549288317,270697947572.19247,24748897613.709663
2021-07-08,2317.23694270242,270116728160.1227,23352988376.91004
2021-07-09,2126.4424673902267,248124573571.6789,24133566100.864506
2021-07-10,2156.5809569525845,251611015863.3228,22262234450.01033
2021-07-11,2123.0585974934124,247860822594.064,18091111748.440804
2021-07-12,2144.0142572722566,250027222000.60452,14249909363.131063
2021-07-13,2042.4991866143628,238086643137.17004,16403901753.797194
2021-07-14,1944.3950166372083,227135827760.92883,18210922217.703205
2021-07-15,1997.6633136705989,232939479730.00745,20007437042.5854
2021-07-16,1910.7269516309964,223534356736.75903,17978198759.76909
2021-07-17,1874.2002496808184,218477848474.5608,17448403933.724445
2021-07-18,1899.8427500663568,221838551362.95905,14920352990.216908
2021-07-19,1905.723382843169,222305469349.286,15355055465.803198
2021-07-20,1824.929392091902,214106247241.3399,15768554506.425838
2021-07-21,1794.973425186835,209392844466.0158,20634025154.91444
2021-07-22,2003.7239214521076,233005814487.5354,25849497421.028152
2021-07-23,2027.5334479167043,236554595198.76672,21655718476.41885
2021-07-24,2117.154607794504,247068794868.1457,20760571836.05241
2021-07-25,2183.627414557696,255023351844.8617,19333415460.111237
2021-07-26,2209.4993601030114,258067996305.1722,16557827418.503304
2021-07-27,2230.212067673471,261543645427.02676,35197538271.146904
2021-07-28,2292.579636803809,267339757878.5193,28862032737.55321
2021-07-29,2299.689405936291,268838784855.6686,23171592869.594303
2021-07-30,2383.443259961735,278785893426.22424,18266719970.9616
2021-07-31,2462.3999826480103,287344044145.01373,24040211451.365524
2021-08-01,2541.674599365905,297505707149.10004,21579519281.27989
2021-08-02,2555.408178513038,297290528238.90314,25689002090.27945
2021-08-03,2611.6730699481845,306483554365.1923,26664958251.58228
2021-08-04,2521.268474889094,294760000421.45154,26304380467.43418
2021-08-05,2724.5322427136302,319613239659.44226,29356647318.25012
2021-08-06,2821.649692746136,330223699956.3277,37970347683.56547
2021-08-07,2888.732274275232,337961452767.8669,30876444992.275696
2021-08-08,3151.2175169176758,368235028077.73975,38870720439.186905
2021-08-09,3012.3085592702105,352872000029.7298,34209269717.32262
2021-08-10,3163.0646551948857,363242219000.1384,38510599666.551865
2021-08-11,3147.842995401753,368146417310.3951,30456934757.02111
2021-08-12,3166.647217967929,371120421692.36896,28540625893.874588
2021-08-13,3048.4126816864195,356667351344.9034,28111908833.730755
2021-08-14,3323.19799054098,387650495386.42346,25989682658.6423
2021-08-15,3268.5481770314927,383333523376.4307,21723717067.76398
2021-08-16,3309.7549104132368,387075388591.617,24412292890.901497
2021-08-17,3153.583683763619,369733082268.3038,25922917846.046463
2021-08-18,3007.144027171272,354390048289.1804,28303010380.7042
2021-08-19,3037.230251196439,357527359807.9584,23192419118.647858
2021-08-20,3144.8184367851927,360685430760.7975,20590444717.44903
2021-08-21,3276.9698366433354,383483277312.2806,22079051284.799744
2021-08-22,3224.0004601521537,378500212583.4824,19339185909.36738
2021-08-23,3243.4863583537394,380718215752.5816,17023426890.400778
2021-08-24,3320.4091697810586,389578100858.59686,22119621924.56181
2021-08-25,3177.6637963046905,373455291323.226,23531754575.679916
2021-08-26,3231.4414517288,378980836224.5277,20438475652.044525
2021-08-27,3122.971797237849,367860898491.3749,18755498273.80065
2021-08-28,3267.539434750998,383644799228.1656,18470749435.075996
2021-08-29,3245.430222387629,380750077080.9469,13957284069.585829
2021-08-30,3233.383151693551,378786220548.7996,14110206249.483368
2021-08-31,3232.7338632854617,378977088509.6317,21741061738.59384
2021-09-01,3440.5623358869034,403657783560.1046,32201644522.644287
2021-09-02,3790.613996221556,444243407062.371,34465100677.998825
2021-09-03,3793.3007433464186,444936758974.6008,28115776510.36788
2021-09-04,3936.1633916244464,462019852288.094,30463347266.426533
2021-09-05,3894.937511605067,456929768632.2518,24002848309.4245
2021-09-06,3950.270344526561,463973074693.0737,19760598542.300423
2021-09-07,3943.256785301908,463012228435.44434,20190616165.855145
2021-09-08,3440.341756836568,404516339491.4938,42541561062.44531
2021-09-09,3496.859022996073,413866162089.4392,34175479497.51584
2021-09-10,3435.97993265133,403936419964.8866,25796050344.02528
2021-09-11,3209.915696090501,376789025177.2447,24111446202.20492
2021-09-12,3268.1041621348804,383321475836.21576,19742335705.039883
2021-09-13,3417.839366766938,402834673220.724,18149841767.144417
2021-09-14,3301.186776828727,387934440817.1596,25897933725.98018
2021-09-15,3425.2508733748823,402557959131.822,21080767347.82575
2021-09-16,3595.9625714292315,421477522819.9356,18985547836.19136
2021-09-17,3573.3075160249905,419510540250.7301,22391476966.87709
2021-09-18,3412.177182421673,401297385415.4547,19039612529.444134
2021-09-19,3427.58426153173,403306688199.6298,16278153590.132132
2021-09-20,3335.884886514119,392513622186.47833,14500103698.494116
2021-09-21,2977.3226793404747,348966852277.93604,28477674119.56528
2021-09-22,2744.1109995297,322261202754.7664,32062935710.168865
2021-09-23,3074.119761245824,359840797180.9415,27084409011.05875
2021-09-24,3159.269865581771,371681653192.37537,19536554032.084408
2021-09-25,2930.7427060738946,349627373001.0197,28504692815.75815
2021-09-26,2946.9708461401983,347010586155.9232,22533679023.57236
2021-09-27,3063.31634471348,359680654321.7558,24916718280.69273
2021-09-28,2939.742282853775,346015184170.8788,20890327693.72457
2021-09-29,2798.984417260104,330646942649.06793,18975426962.499523
2021-09-30,2855.611730526516,335476370747.3378,17522543131.581055
2021-10-01,3013.493232032077,355017980604.5097,19400423828.622337
2021-10-02,3305.107041443724,388950236002.1381,24368105704.246357
2021-10-03,3393.9242492696653,399455864987.66345,21335051735.331825
2021-10-04,3426.387080851377,403971441903.5559,18130363405.685158
2021-10-05,3390.310407759615,400955543856.1877,19898468513.475533
2021-10-06,3520.3422566393974,415494260964.53455,19024921944.49268
2021-10-07,3592.1761295000256,423560000564.3804,24709364134.235622
2021-10-08,3594.918357967647,423610266229.8694,21186801824.571068
2021-10-09,3558.549577083409,419918377734.5956,18144469093.77964
2021-10-10,3588.0809215501645,421836191767.0316,13815631715.44782
2021-10-11,3431.0193069150096,404765054558.1925,18106607784.26291
2021-10-12,3537.840087124068,415159189478.8265,20424407322.58066
2021-10-13,3498.10529212066,412579624206.7684,20207646949.24054
2021-10-14,3605.650334298176,425077639326.6074,18300885349.637318
2021-10-15,3794.516888224821,447060207235.15424,21679175672.91577
2021-10-16,3885.641764529699,457796523350.2234,23144188055.382
2021-10-17,3854.498461449342,453064999520.12646,18154520779.65643
2021-10-18,3854.223686940845,453191180361.09015,17263171427.44574
2021-10-19,3752.61872738495,443346920004.58325,18931081929.44796
2021-10-20,3884.5872952429017,457653555321.406,17449609317.97657
2021-10-21,4170.107932886265,491589810670.4509,21926381355.419468
2021-10-22,4074.860157520288,481528471021.3797,50122173541.0596
2021-10-23,3990.711976433473,471642481174.7119,21674013294.746414
2021-10-24,4179.44229816945,493125402509.4343,16499701301.345774
2021-10-25,4094.9389934187225,482164548780.28937,16494229912.456104
2021-10-26,4230.208371594039,499491060520.2567,17031857290.344105
2021-10-27,4152.570288731245,489450382752.5416,18925943956.175625
2021-10-28,3944.090861781322,466683206492.3765,28770879596.15931
2021-10-29,4288.09721878663,505970778337.4693,29989860066.02069
2021-10-30,4422.940535593754,521746545883.6817,25462638679.97447
2021-10-31,4324.609925711879,511066583044.3288,15937401968.575453
2021-11-01,4292.04047236198,507889381626.9908,18516249996.186916
2021-11-02,4330.553151595248,511441678721.3504,19235929520.306248
2021-11-03,4596.59309058429,539884557845.201,22135519614.732147
2021-11-04,4607.699273078144,543311992233.9774,22744538221.14315
2021-11-05,4550.014435142697,534623910067.6353,19583405367.2671
2021-11-06,4494.80276090967,531116824617.7209,16182205113.440348
2021-11-07,4527.104154150622,534139628777.6332,17697965751.156593
2021-11-08,4626.6292884486975,546469946549.3751,14665949273.051767
2021-11-09,4815.004634322234,571665766496.0859,21226347241.35617
2021-11-10,4742.08091060724,560964266378.8303,20669583046.287785
2021-11-11,4641.528764849704,548699344220.5352,25152889711.576366
2021-11-12,4732.924450349356,560226056358.6504,19048319256.420074
2021-11-13,4685.10635551733,552938385233.9376,20883749031.79293
2021-11-14,4666.498498194288,551228905630.0963,13954188613.807226
2021-11-15,4652.947394238871,546963335748.59625,13927559432.54618
2021-11-16,4583.211418759011,541673876615.1028,17939105212.670113
2021-11-17,4243.352906802173,501391963927.7868,30162258590.6919
2021-11-18,4302.804958962834,507387229348.5558,23532734478.929985
2021-11-19,3993.846595161859,472465696561.2551,23825764061.571724
2021-11-20,4317.603195646166,509116804761.8423,21398451638.777542
2021-11-21,4436.192766930451,524536655944.9339,16407598047.996004
2021-11-22,4319.361566856902,514388218179.7373,15090104727.278082
2021-11-23,4101.062876490145,485391988431.9048,21563803786.49851
2021-11-24,4355.420957796475,515843824526.3967,23393688031.318764
2021-11-25,4269.437219728043,505609296276.3257,19881953842.36485
2021-11-26,4515.843300142739,535082405000.054,20241529505.687588
2021-11-27,4048.312844076173,479414339295.46326,29276733766.8396
2021-11-28,4084.088485695956,483997326749.3893,16500509901.66011
2021-11-29,4290.091862536401,508385171334.4435,17408610005.868984
2021-11-30,4444.528279821561,527331112023.3339,20150915710.995937
2021-12-01,4637.121616831405,549758919636.0618,31531135168.773865
2021-12-02,4589.610617539151,544051345075.8544,27957934803.559887
2021-12-03,4519.441028028784,537814995667.8384,22586539837.216267
2021-12-04,4240.155516808957,502863051143.0169,27620915094.00376
2021-12-05,4101.656791810778,485429065737.4593,40547950440.47308
2021-12-06,4198.572874562462,497049834886.77576,25848780907.958004
2021-12-07,4347.615630598069,515778007028.56696,30676805365.753136
2021-12-08,4310.566646424531,511409310852.7245,21808603057.7599
2021-12-09,4431.540647139759,525850414062.19104,19661953642.45195
2021-12-10,4153.333310724186,494841071220.9352,22680202938.506203
2021-12-11,3918.200743402953,467266449092.3229,26799083668.888447
2021-12-12,4079.814930569866,484278596802.5053,19796149221.596004
2021-12-13,4135.841510137412,490316653455.3707,14046344322.674688
2021-12-14,3782.895262234714,449137302105.9432,24089144863.40074
2021-12-15,3858.1644681806974,457658155854.8058,20766055169.54314
2021-12-16,4015.72254331389,476630620294.2814,26881290260.57765
2021-12-17,3971.5597663421136,471365651341.3005,19166579837.021267
2021-12-18,3886.7473617182886,462267569583.3989,23209497898.091805
2021-12-19,3966.425351670551,471195598700.436,18728700443.97014
2021-12-20,3928.8417238716206,467396185408.5245,15960000522.484167
2021-12-21,3950.482391986096,471319155562.1543,21439121593.0351
2021-12-22,4036.549717813428,480570348192.474,16630181836.72027
2021-12-23,3992.594576637316,475334762859.672,14022344430.178228
2021-12-24,4113.529931874606,488290658809.1535,18571462177.267685
2021-12-25,4055.117366931324,482498690510.26416,13351470832.627865
2021-12-26,4110.571870853741,488792890035.2106,11869342790.219467
2021-12-27,4075.03161894955,484795501758.7465,11815773894.02084
2021-12-28,4045.051350119327,481030381194.1921,11725230819.88359
2021-12-29,3807.3603674992,453976220406.2239,18009599978.903225
2021-12-30,3644.405516878227,432082393736.3374,15528813680.462477
2021-12-31,3714.945456115339,441654436877.796,13445245167.227766
2022-01-01,3686.4025423019352,439790867552.76666,14298378834.359474
2022-01-02,3780.315874327848,449804685410.7303,9948120591.378103
2022-01-03,3835.395991493957,456852400304.9327,10069690529.898537
2022-01-04,3769.404940114872,448609586227.4765,12462872357.255108
2022-01-05,3794.908130100449,454574318762.6068,13853786397.222263
2022-01-06,3556.9062274078738,424088794962.4891,18782873941.21831
2022-01-07,3416.826008615913,407652437129.1328,24467182063.00624
2022-01-08,3201.79457434796,381283293110.7904,24359369448.53183
2022-01-09,3101.04090161414,369734313550.987,15966769090.792397
2022-01-10,3156.967262159481,375219467789.3698,11906478540.265388
2022-01-11,3086.7290024387257,367654760059.0176,19655314714.55994
2022-01-12,3246.413723028553,387505881839.83,14922195360.075487
2022-01-13,3378.0358951715943,402763358249.81146,15285972614.67417
2022-01-14,3256.7588661330324,388039946028.0792,13999771252.160748
2022-01-15,3311.986061274383,394664610644.9952,12316286854.849726
2022-01-16,3331.246655159985,396899234936.6389,8659658467.059889
2022-01-17,3356.2954438590405,400232172277.67896,9002833937.226437
2022-01-18,3216.592980619574,383428420242.12994,11938682376.103683
2022-01-19,3166.4539115046164,377918294939.4783,12700158860.46528
2022-01-20,3097.02146606268,371296193085.122,12762451059.939083
2022-01-21,3015.588777543836,360580494818.73,13389582889.566511
2022-01-22,2564.3433423740635,306644499897.7337,29314647992.59684
2022-01-23,2407.377851608285,286799916366.57184,28250265353.79612
2022-01-24,2537.836727861043,302626363351.5348,17123741957.54585
2022-01-25,2447.831512095295,292022326101.0083,28735520619.97796
2022-01-26,2465.21922984942,293702336549.67474,16139625164.237488
2022-01-27,2470.4304120157067,295723346868.75024,21415081805.12725
2022-01-28,2411.863855325421,287829476402.6202,16482912982.01206
2022-01-29,2551.111073519472,304305302571.33734,14326314172.126575
2022-01-30,2603.603872339056,310059710546.2545,10742621684.922014
2022-01-31,2610.1824055910874,311602914058.7504,8937393969.826124
2022-02-01,2689.220867220449,320354563857.1168,13818587053.759966
2022-02-02,2797.434855273681,334032944115.64844,13176431108.286674
2022-02-03,2690.319739476765,321296521004.9529,13860391591.281128
2022-02-04,2667.256728215686,317503695895.34064,21844552552.403343
2022-02-05,2993.0994395135976,354558118293.0548,18766789788.28106
2022-02-06,3018.6733981571506,361600442694.43896,13036212065.007109
2022-02-07,3062.8058084507857,366038313761.4381,9025772577.382162
2022-02-08,3149.953285509783,376351043607.997,14427983727.88122
2022-02-09,3127.438106740214,374043919421.316,16856365272.811356
2022-02-10,3240.9210444877285,387321193246.79065,14005361496.44425
2022-02-11,3081.911501840844,368377710139.7799,18990367974.117947
2022-02-12,2930.563169206373,350133590835.08734,16560032290.708168
2022-02-13,2918.0853674291184,347517755313.83966,11367427285.455872
2022-02-14,2889.235678281073,345252969326.4971,9020562479.291342
2022-02-15,2935.6454998606846,351368910987.00305,12117644856.003006
2022-02-16,3179.3002065350443,381791121976.2447,14189484930.460049
2022-02-17,3128.640780542462,376071884044.5087,13120593628.157278
2022-02-18,2881.613122162859,345252572787.0988,16242836366.095669
2022-02-19,2792.303847718624,333997569707.84204,16064045339.56507
2022-02-20,2768.97165203486,330814655802.00714,9956229564.570751
2022-02-21,2632.49139911745,315015971538.73315,12215462928.563446
2022-02-22,2574.513383778016,308836894427.69006,19206327576.145523
2022-02-23,2644.153655546016,317004525462.3889,16856627508.447924
2022-02-24,2594.700959110155,310997586955.65283,13713218952.651203
2022-02-25,2599.9335696870216,311533514951.14,30992409365.835472
2022-02-26,2771.890509646429,333625150661.6757,17751279835.572117
2022-02-27,2785.3389569017427,332645349329.944,11984293384.913609
2022-02-28,2629.48312082149,314566178973.5596,17309819254.70233
2022-03-01,2919.294962425658,349056335389.1799,19832961026.345818
2022-03-02,2977.276039756805,355855644056.71844,19012291817.36541
2022-03-03,2953.315776286441,353807222059.12616,17023997910.606855
2022-03-04,2836.9063366005576,340585349633.38696,13786702924.254955
2022-03-05,2619.356137634489,314336377085.58026,15538211354.189482
2022-03-06,2668.70597865687,319334318240.9434,8652610729.437431
2022-03-07,2558.359874049847,306675297178.70435,9377488374.70222
2022-03-08,2498.658864965217,299834957580.4126,15295190068.57191
2022-03-09,2576.6271539947625,309291567872.3395,14681251925.804962
2022-03-10,2731.037685293996,327144318378.6509,15208159162.669767
2022-03-11,2611.4647225047097,313054369877.37134,13843643777.451271
2022-03-12,2562.832353535965,307992205234.7309,12313723771.430836
2022-03-13,2579.458135688364,309539252974.5316,6288630630.865574
2022-03-14,2518.492845270615,302103577555.32056,8570037700.961715
2022-03-15,2591.5420409591425,310467033555.37006,10951215810.637651
2022-03-16,2620.363852420936,314931220494.93384,12439580087.508198
2022-03-17,2771.759457292368,333204590005.1927,19785262485.166782
2022-03-18,2817.401074966818,338097336083.8262,12593189074.637096
2022-03-19,2945.7459101862714,353539105454.5327,14540256794.800894
2022-03-20,2947.226158224087,353770129278.67426,10359721811.614828
2022-03-21,2860.641960901919,343170506313.24133,11304953073.46
2022-03-22,2896.5869324317464,347666776668.2674,13890729058.80007
2022-03-23,2969.78498365825,356813271188.88025,15671928047.784338
2022-03-24,3028.8352577107285,363715804798.513,14257143986.39263
2022-03-25,3106.657023584939,373177111114.7027,16202188701.767122
2022-03-26,3106.072054158695,373074920726.7511,15532463157.18736
2022-03-27,3140.875710506441,377825418684.3759,7615867102.157496
2022-03-28,3285.1730967305425,394486853105.0086,11980084883.788645
2022-03-29,3328.9341246867148,399977979554.2106,18514225350.60662
2022-03-30,3401.184431040135,408153998267.8274,17936369661.586555
2022-03-31,3383.788761781416,407460530687.7479,14183468637.6598
2022-04-01,3283.3028425717257,394628513775.2061,16222256121.18686
2022-04-02,3451.1960908672754,414854897478.4645,19701116865.13708
2022-04-03,3440.3362384891684,413595262456.1556,22091140764.533768
2022-04-04,3521.584724778525,423410516389.8548,14019828281.404173
2022-04-05,3520.967117504364,423367935034.9896,16925919013.954468
2022-04-06,3422.969883754712,412944890807.9602,15114055501.97898
2022-04-07,3171.371104498954,382808702033.7895,26109763334.73009
2022-04-08,3232.834988999582,388867320187.2107,16149775914.530878
2022-04-09,3192.0250912893603,382662893229.3914,17523939555.353264
2022-04-10,3265.938067729151,392551461530.81824,9316769843.73387
2022-04-11,3219.159553453764,388982079663.2629,10005373137.102016
2022-04-12,2992.7021064252435,360149250762.0514,21142997359.75918
2022-04-13,3038.209421996366,365661388410.7189,18977679663.55036
2022-04-14,3121.399823462041,375767680796.0061,15452917855.24062
2022-04-15,3023.417211885316,363962080917.9128,15895586504.7858
2022-04-16,3045.42807480128,366695398817.36127,12543243551.278517
2022-04-17,3066.35801414498,369787917596.8767,9063939048.316748
2022-04-18,2995.719421019825,360748880962.9512,9543306566.22193
2022-04-19,3061.8905711469047,368758484169.854,18188817400.07912
2022-04-20,3104.688447526111,373782979942.6196,13472639207.148006
2022-04-21,3079.676477601849,370910549448.9755,15155965878.384497
2022-04-22,2987.4888760341605,359917773311.257,20529419340.296413
2022-04-23,2967.085285238213,357702343019.6129,16155619718.968117
2022-04-24,2940.6879777714407,354358143094.8383,8633203957.82989
2022-04-25,2922.901865199808,352895958715.2752,9196851418.265764
2022-04-26,3008.3363470853,362590296737.94165,22037549638.79912
2022-04-27,2806.748835957046,338098235743.8579,17750798288.906208
2022-04-28,2889.5922230230817,348355348857.3552,17036298768.907473
2022-04-29,2932.455083612903,353388170472.6008,18249410920.251778
2022-04-30,2817.4898821916195,340291788026.5969,17902735173.807156
2022-05-01,2738.1741359527714,330211251741.1009,12618462103.401344
2022-05-02,2832.513106895354,341626180826.6119,14489173444.820095
2022-05-03,2861.372375556044,345080135066.0433,17701813870.710365
2022-05-04,2786.0472478011084,336655132684.7217,12836324477.777216
2022-05-05,2942.052313122658,355229761723.3485,17336934449.712643
2022-05-06,2753.936566546688,332103738939.991,20868783132.923206
2022-05-07,2699.7072470893745,325971900416.408,20516541977.493565
2022-05-08,2641.229106940243,319030900103.94275,12528069434.498928
2022-05-09,2517.829922488648,304412453306.29724,20582973186.12796
2022-05-10,2249.8909622207443,271594796946.7904,34392685561.846504
2022-05-11,2344.797715643986,283082341315.2594,36844564808.01656
2022-05-12,2080.910243657776,250066823474.8895,46548009611.49195
2022-05-13,1966.699171133666,238137944005.85855,41621733327.158905
2022-05-14,2010.214051125259,243391440608.9294,23979529161.232742
2022-05-15,2064.229357512243,249319115268.20465,14395772634.811949
2022-05-16,2147.047447880575,259350256988.01163,14395455889.043331
2022-05-17,2025.888698391216,244741893933.73117,20068743681.95205
2022-05-18,2095.178884796724,253640825085.77072,17005002529.405005
2022-05-19,1915.1771232664505,232056327519.7834,15892119501.206236
2022-05-20,2023.848259360817,244359004842.60373,17828306698.714794
2022-05-21,1963.9909395294865,237366807798.8157,14638100162.773735
2022-05-22,1978.1471325624789,239102942424.56772,7551508571.492984
2022-05-23,2046.6463496545232,247730054115.446,9623174527.73804
2022-05-24,1974.5811944790917,238722810744.1854,14627311157.92938
2022-05-25,1979.770545006472,239375431792.8676,12880481567.942186
2022-05-26,1944.8428445072448,235347664835.4594,12554611854.439222
2022-05-27,1807.9694742881136,219247293980.1556,22669347246.961388
2022-05-28,1724.8757340323443,208622909553.5016,24344535948.91357
2022-05-29,1798.6948545788846,217791356992.8858,12004308559.066864
2022-05-30,1814.9831598025935,219535934457.9821,9767849361.351788
2022-05-31,1995.9364841552344,241204871683.00943,18803016950.09315
2022-06-01,1944.078766836179,235235428449.11987,17409076011.07384
2022-06-02,1828.8926546074288,221596716649.2676,19904831726.00975
2022-06-03,1833.089840845753,222487488380.58923,16444980823.786709
2022-06-04,1776.979907458187,214879733566.942,15012416794.069233
2022-06-05,1804.2616695112488,217832477905.49496,8295912402.90654
2022-06-06,1805.3313949894373,218561175507.6209,8385254999.857006
2022-06-07,1860.1813068416047,225224111085.68796,16623006597.793545
2022-06-08,1818.3877119829308,220727955347.00992,23647547692.445885
2022-06-09,1794.539625671828,217320792647.69748,17712874976.607395
2022-06-10,1788.4182866616045,216720355679.05615,10469080004.414614
2022-06-11,1663.844367412088,201384347491.6296,17639990086.322327
2022-06-12,1530.0386174317211,185302828001.8518,20409428647.9328
2022-06-13,1454.6867601728409,176649606143.59042,22843765038.754616
2022-06-14,1205.5952855404787,146072737222.6309,47571733027.00858
2022-06-15,1214.8662649132034,146866764082.71503,32772246927.059067
2022-06-16,1230.3643353556051,148791271623.67947,39679810344.68712
2022-06-17,1068.6035748646073,129200159744.2964,18016510161.232018
2022-06-18,1087.8139244584363,132057112459.09528,14067259810.778109
2022-06-19,995.2525692707908,120148911164.20312,21112670623.39463
2022-06-20,1125.7540917942745,136214925416.2125,21676867429.837547
2022-06-21,1132.0543935828048,136360308696.36774,19817753726.316406
2022-06-22,1124.5613920165545,136466936749.8006,14838197887.543182
2022-06-23,1051.0740681589236,127762640725.99548,14331217471.33878
2022-06-24,1144.4807534808065,138845063633.00702,14247953151.150192
2022-06-25,1229.304085446655,150370804175.61023,16288488163.424995
2022-06-26,1244.286204495393,150822450290.39703,11692717741.724768
2022-06-27,1201.237790641909,145727702946.91232,11375746747.404722
2022-06-28,1194.2245084746116,144903396178.83267,12044359298.246723
2022-06-29,1143.5335357209958,138578887988.78128,13181896477.373173
2022-06-30,1098.9055176105344,133275228451.34706,14755440934.326208
2022-07-01,1057.6309990608015,125647331913.1351,15402670572.44401
2022-07-02,1068.8194401301964,128274306967.6086,17420131787.73736
2022-07-03,1068.5415025999594,127772810160.63632,9601263305.049065
2022-07-04,1074.6073175787587,128552380046.80464,7939419238.560307
2022-07-05,1153.3483147880895,137709680960.0187,13827342516.34925
2022-07-06,1134.017069659217,135655130079.77824,15393490017.737787
2022-07-07,1188.72564292538,142216914175.49112,14422132961.962864
2022-07-08,1240.3784056617153,148622605231.4957,13170522513.182203
2022-07-09,1233.5146792602989,148022842649.44733,15346600702.3086
2022-07-10,1216.8497068484603,145667751203.8659,7870254817.813988
2022-07-11,1169.012707661018,139844141994.57858,10374466605.406368
2022-07-12,1097.4494380477286,131363492852.48431,11693162178.034164
2022-07-13,1040.7971455029597,124831295049.54146,11555798332.527388
2022-07-14,1112.9207827012565,132986401488.71632,17936886119.90067
2022-07-15,1191.1308371103116,142767764050.56015,16474223860.658735
2022-07-16,1234.0991389763224,147677565536.3019,16817194904.2499
2022-07-17,1355.04564021949,161839496479.48514,19025831554.91271
2022-07-18,1344.7202840019015,161551223982.244,15797648344.457474
2022-07-19,1570.6589588642053,187518878564.4312,26437290054.27533
2022-07-20,1542.6298214332237,184299116474.0005,27749085857.707005
2022-07-21,1527.413930759309,183383314168.63928,21728126383.56131
2022-07-22,1576.8252394976823,188807814065.77225,19411405082.967407
2022-07-23,1536.124922238913,183933879174.97644,18084368731.242767
2022-07-24,1552.4964891908746,185766674503.14,14901008279.154797
2022-07-25,1601.2079670127046,192833875418.8718,16058331978.02615
2022-07-26,1450.4822852139405,176371406952.78534,19852493229.276333
2022-07-27,1438.9880382230651,172489862867.98703,17711985937.250435
2022-07-28,1636.9491814677851,195761014376.11777,22792557484.269222
2022-07-29,1723.5485206790595,206347207632.4567,27508245872.984703
2022-07-30,1739.0421771356112,210767555013.8352,21792598232.36492
2022-07-31,1696.7850982136515,203433082401.512,14236780342.012005
2022-08-01,1682.011373614746,201684547325.2247,12894604186.287697
2022-08-02,1636.0185563573557,195962280445.4563,15515408282.681604
2022-08-03,1638.3786826572205,197496591505.0525,19414686138.72405
2022-08-04,1621.3413236364063,194280005714.3,15548536682.141968
2022-08-05,1612.4189067269824,192923352504.82288,14074560038.427649
2022-08-06,1725.3826270211505,206550599256.62897,17717475728.243652
2022-08-07,1693.2965918360276,203417937064.14212,11231103244.36643
2022-08-08,1699.0064178886953,203847481552.73077,9464715954.716837
2022-08-09,1775.7013555270828,213209087779.6641,15566998953.351175
2022-08-10,1698.9661290126492,204260348576.8655,24284375402.607098
2022-08-11,1852.8785552656475,222103417229.72577,21699442049.07331
2022-08-12,1881.4274054353,225973452853.74725,21837068069.82725
2022-08-13,1959.3309247187408,235254593664.57745,15849264839.752771
2022-08-14,1982.4118280514235,237972056306.98935,14816745160.91679
2022-08-15,1936.7011636052605,232593263080.4341,12172210305.158232
2022-08-16,1908.2776419059185,229440415801.9887,18310871317.455875
2022-08-17,1880.6001012594395,225581585656.9299,14240230761.88774
2022-08-18,1834.8264526426367,220665870251.26813,18427553152.35174
2022-08-19,1850.1112910473696,222652366350.8803,13363780756.798216
2022-08-20,1618.5325042633535,194817731984.8732,22687362580.095345
2022-08-21,1579.4157230953704,189621068133.3333,16404512934.336613
2022-08-22,1624.149982884847,195324471844.68927,14174702673.113022
2022-08-23,1622.30703457785,193708156170.03223,16648637311.974203
2022-08-24,1665.7919073919315,199889229686.9934,17182337491.18613
2022-08-25,1657.7936424663385,199117634174.20895,15322907185.334568
2022-08-26,1697.0769719636442,204240810436.6186,12905826689.355816
2022-08-27,1510.1891114840514,181238520850.37888,23170035981.438354
2022-08-28,1496.0554659420902,179887478326.98642,15440053448.984152
2022-08-29,1438.7470503278116,173645963258.54285,10575504871.684055
2022-08-30,1555.1774560415913,187437853967.29883,16528644851.715963
2022-08-31,1525.400116232047,184447549243.54852,19704720195.3797
2022-09-01,1552.5629662281335,186670000430.8127,18596055350.61373
2022-09-02,1588.9803510869067,191078487039.9417,15076286516.891344
2022-09-03,1575.1766307276075,189678877652.6803,15857654357.09863
2022-09-04,1555.6740772078124,187266246294.68723,8500114333.500416
2022-09-05,1578.9493013433012,190082046955.2256,7827505125.483585
2022-09-06,1617.9354554854335,194714097035.8242,11815125728.969868
2022-09-07,1564.5589540302462,188733785486.0839,20860201644.41259
2022-09-08,1629.8832311636493,196797197824.3024,18560005397.32841
2022-09-09,1635.9321760130483,196882691710.4924,16676188643.15121
2022-09-10,1717.0769569840472,206873029263.2678,19418675070.680107
2022-09-11,1779.5190288833046,214315849498.72748,12521808520.701172
2022-09-12,1761.317355880691,211895058510.3476,11692754175.395372
2022-09-13,1710.1642908515214,205793007270.87155,16770566236.30973
2022-09-14,1573.205213695171,189778580452.9788,22286700927.338142
2022-09-15,1635.3682061921256,196550513818.88647,17198033718.180206
2022-09-16,1471.999592516298,177918273632.48117,24787864366.63655
2022-09-17,1432.215807478607,172471655154.62585,17892819034.618076
2022-09-18,1471.2039553630448,177299639477.4967,10309763882.142286
2022-09-19,1335.8525523850524,161378107849.57123,14696599277.019012
2022-09-20,1379.920704526258,166370229681.14825,17757533838.1638
2022-09-21,1324.1905646155858,159844149938.74484,13605986462.228132
2022-09-22,1252.7745621685783,151084586604.48166,18732743241.62821
2022-09-23,1330.79279292183,160415097114.1742,17517188721.084026
2022-09-24,1329.558806730321,160823914264.80762,17599766731.24086
2022-09-25,1318.099347021849,159030822515.26553,11251326609.48999
2022-09-26,1294.075095279779,156146367767.27133,10552647869.67358
2022-09-27,1335.1212051991713,160767471777.8733,15270197375.846754
2022-09-28,1331.150176933863,160800122124.8998,16685874856.004007
2022-09-29,1340.0230594816517,161716193676.29504,16571161476.253872
2022-09-30,1335.7389706335669,161267455734.36823,11834328252.392088
2022-10-01,1329.1460320707963,160462955554.32846,11849125783.759304
2022-10-02,1311.2633244162855,158410068981.48102,5052407840.714767
2022-10-03,1277.901345279672,154934842225.90906,6227268235.758528
2022-10-04,1323.5040179722914,159951067075.9052,8749663554.66095
2022-10-05,1363.2371821945037,164781680358.15567,8587836597.469869
2022-10-06,1352.5865243024869,163475522281.134,8502549881.905833
2022-10-07,1351.4273691979538,163307579801.84253,10653358724.953411
2022-10-08,1324.89473802906,160084472602.33664,9123112355.727316
2022-10-09,1315.857799905668,159083423929.71472,4942603337.902456
2022-10-10,1322.2697552193713,159586330117.54977,4753165267.937541
2022-10-11,1291.0816596695552,156180434676.1384,7492362032.739503
2022-10-12,1279.8833075472612,154657511483.1829,8314705467.191551
2022-10-13,1294.2710513882173,156488571589.45505,7512521119.536691
2022-10-14,1288.1640147020812,155703285133.85605,15374968702.82496
2022-10-15,1297.6276053223842,156801885520.45496,11792024290.983032
2022-10-16,1275.6937773947975,154496140301.9263,5743906844.859241
2022-10-17,1306.943118828839,157219790372.87076,6318629607.96271
2022-10-18,1333.4408776301657,160690333948.33112,8639535764.06259
2022-10-19,1311.8067255158232,158082173402.60727,9536615488.397163
2022-10-20,1284.654933702257,154808369275.81442,8128527355.67816
2022-10-21,1282.0426467759612,154512893268.0924,8816030159.087742
2022-10-22,1299.8019052506386,156673724237.28812,8731620089.4909
2022-10-23,1313.767778723105,158365108378.3375,4996733236.216461
2022-10-24,1364.4868713063736,164218113409.75653,7794024007.581724
2022-10-25,1343.334491985092,161858058865.06808,10789079575.113602
2022-10-26,1462.0489375629863,176051206695.99817,19624530679.956947
2022-10-27,1568.7475855708392,189173389239.5451,24505395072.046234
2022-10-28,1514.8635252533977,182723289741.9848,17752430680.403706
2022-10-29,1555.0292135813938,187324850268.18915,15641652314.210123
2022-10-30,1619.4295836277445,195052502985.67032,17044927217.751925
2022-10-31,1591.0517734961002,191500820025.9781,10366405350.25076
2022-11-01,1572.979514885975,189478578997.59592,14900137160.396046
2022-11-02,1580.378733440259,190428736966.3317,19199900507.15055
2022-11-03,1520.6383643789843,183368006193.10983,27498708818.133373
2022-11-04,1531.112630741574,184398997533.25903,22537458293.692245
2022-11-05,1644.1928578089398,198053929735.65237,36953923774.760704
2022-11-06,1626.8064304933644,196264485041.5907,21174006976.119827
2022-11-07,1572.9477769721586,189763621397.9497,22195586345.876583
2022-11-08,1569.9886360033397,188875473098.0201,30344896841.852493
2022-11-09,1334.2879331082397,160813058133.9897,32343101742.62143
2022-11-10,1095.1839771132936,131794377265.61276,29253284762.659546
2022-11-11,1301.5538803074423,156380990539.85645,24039423467.45047
2022-11-12,1293.9115948871518,155222424523.53937,17355612789.319725
2022-11-13,1255.6010507578435,151059842003.22357,8636739779.554464
2022-11-14,1223.0064433283685,147426038251.7689,7719000328.307081
2022-11-15,1241.997092728311,149987178583.21732,12056844339.739658
2022-11-16,1252.7067308366848,151062413577.56232,8940477028.374247
2022-11-17,1217.7020892163014,146462319554.31644,8870530650.446701
2022-11-18,1201.7898419641292,144894942760.29672,7075882101.619532
2022-11-19,1213.49631006335,146145817586.6032,5600678512.529781
2022-11-20,1218.8936571112465,146971097131.67468,3722348151.002224
2022-11-21,1144.2531525085535,137964810712.74976,6826180055.62674
2022-11-22,1110.2882130124592,133733639793.52232,10372965080.612862
2022-11-23,1135.175811894246,137050514642.06915,9220536958.839794
2022-11-24,1184.4617581029652,142854533237.69275,9189536303.575544
2022-11-25,1204.2078028331202,145091739838.44122,6955523718.221009
2022-11-26,1198.9755884889066,144810246844.91675,5823202533.487156
2022-11-27,1205.6579602157142,145222050633.46432,5271100859.564753
2022-11-28,1196.1962195659255,144507830172.60718,4150923882.274703
2022-11-29,1170.115741471507,141048501904.6694,6467273323.741678
2022-11-30,1216.936420693739,146749281622.5983,7132972094.453388
2022-12-01,1298.94077037352,156777674228.40683,9889408117.51856
2022-12-02,1276.6393714030964,153787135286.89285,6400063074.120894
2022-12-03,1293.9480231782145,155766037022.93884,5644934957.241694
2022-12-04,1243.0408423289737,150322759022.75156,5183647936.284697
2022-12-05,1282.4164481394064,154484879835.4558,4842789176.374092
2022-12-06,1259.7575748565346,151960138515.5798,5795682744.772271
2022-12-07,1271.9354761263946,153112232020.5009,4765089563.175744
2022-12-08,1233.6250483990402,148778387852.61035,5392077793.333963
2022-12-09,1281.210637067264,154438830699.8818,5929103713.482471
2022-12-10,1264.4773467215684,152405570526.73016,5743935111.263781
2022-12-11,1264.7922793495136,152480155389.30975,3136321665.274628
2022-12-12,1264.317985551174,152290250844.83786,3179021750.4472365
2022-12-13,1275.332421155143,153743004467.3702,5107100671.713232
2022-12-14,1319.413007743119,159205793114.4748,8667920250.973438
2022-12-15,1308.4001523403851,157633274799.26862,8063349707.439905
2022-12-16,1263.7464240856875,152444818382.92126,6014960880.483797
2022-12-17,1165.9737772823323,140289330990.1754,9306680537.671982
2022-12-18,1189.4275215641987,143321475845.90793,4893469369.238545
2022-12-19,1186.7779210362507,143142028259.18048,3175705524.420867
2022-12-20,1166.9895905156618,140848456817.4131,4281620919.98248
2022-12-21,1217.8888916641763,146802833364.30045,6463130153.512681
2022-12-22,1213.3431612255224,146039250786.06482,4086534541.450752
2022-12-23,1217.8525497108176,146741009624.09518,5190165001.535945
2022-12-24,1220.701744919786,147069822795.65387,4777025971.87922
2022-12-25,1221.35953034845,147173116811.52798,2443348024.2152143
2022-12-26,1219.286343216304,146840669268.71204,3694243212.8174734
2022-12-27,1226.2534148310056,147697269147.94653,3071221733.631151
2022-12-28,1211.819562063861,146030514727.00162,4221450706.761293
2022-12-29,1188.7286638821608,143241827136.73636,5177421363.012343
2022-12-30,1201.5431060594274,144831301452.10547,4174715683.628057
2022-12-31,1199.1104971711857,144611517916.40677,4110733112.8102927
2023-01-01,1196.6130648084502,144188788703.97467,2891351007.425189
2023-01-02,1200.65921690107,144712215098.15164,2179799161.0385365
2023-01-03,1214.3789459253508,146443084804.90094,3845095582.093461
2023-01-04,1214.760969419338,146422424046.4976,3385566691.456905
2023-01-05,1256.4366037834864,151322902029.0838,6727208484.546551
2023-01-06,1250.7922522355914,150805231900.39493,4052351544.8201857
2023-01-07,1270.028610178057,153115414332.1746,5222706873.557585
2023-01-08,1264.8369433837202,152351777734.96948,2439388823.057228
2023-01-09,1284.5754041342989,154857941332.0086,3401917835.269408
2023-01-10,1321.676571173056,159397504473.27673,8615288094.160769
2023-01-11,1336.017071771777,160999220384.61914,6390063040.044838
2023-01-12,1389.771662094107,167839113151.03107,6779329581.863201
2023-01-13,1417.134908743914,170890542806.26074,13360962683.072271
2023-01-14,1453.3769102089225,174798760594.58777,8386970426.225097
2023-01-15,1549.111474081304,187276048380.94897,15505376250.712309
2023-01-16,1551.324517175301,186901700956.48312,7074931051.0836935
2023-01-17,1577.725890482971,190122961411.6948,9434570734.551754
2023-01-18,1569.5308332272923,188982728685.09732,8482482040.670269
2023-01-19,1516.555475473704,183517931282.5893,11809477723.65587
2023-01-20,1550.5088875585636,186967330908.32364,6871702648.394773
2023-01-21,1661.3349193405402,200011161010.51965,9228892411.460192
2023-01-22,1625.9093109886562,195908718395.08084,9663018503.707115
2023-01-23,1630.8448549407967,196512572594.4076,8233555835.053316
2023-01-24,1632.9617267135266,196541663696.43735,9037743837.862549
2023-01-25,1557.0597608721732,187270576772.9432,9078639809.982985
2023-01-26,1614.6771850629295,194402223992.6201,11946053798.490389
2023-01-27,1602.8469492523193,193276131177.59735,10076436860.256
2023-01-28,1598.4701935450053,192677648328.43668,9593062923.130283
2023-01-29,1573.0634394330648,189301295262.2017,6523949724.808857
2023-01-30,1646.5159900930198,198339307428.10373,10037370816.308008
2023-01-31,1568.64771349631,188787565951.3305,10977781767.502348
2023-02-01,1586.5395765836909,191042852121.47128,7544090211.946499
2023-02-02,1642.857168158598,197724834027.55963,9295116915.9373
2023-02-03,1648.6796840768716,198613736403.15057,12542560274.342655
2023-02-04,1665.4278712238624,200784153460.47116,9528083087.520355
2023-02-05,1667.2716925637008,201099652782.7474,6766208820.07522
2023-02-06,1631.3725233636533,196817854756.22067,8211226952.330717
2023-02-07,1617.144163289206,194725338782.41467,7825100535.008893
2023-02-08,1672.8226777758136,201779050385.86017,9180247305.88792
2023-02-09,1651.4083786023796,199107556553.15936,8766845417.320044
2023-02-10,1546.383768658398,186306817307.09564,12447757846.416866
2023-02-11,1515.5340268615537,182839491763.3784,9882779899.96751
2023-02-12,1541.9688769412712,185826666441.3843,6070233325.97355
2023-02-13,1515.3346311806397,182722050130.9965,6128794710.192691
2023-02-14,1506.916201013505,181589830341.348,11573812955.970678
2023-02-15,1556.963484345393,187619568130.73468,11723184974.304256
2023-02-16,1674.858207473528,201595282287.4858,11079231384.245422
2023-02-17,1646.143501886728,198370400841.4434,13388835215.08776
2023-02-18,1697.0848665737892,204534589183.7981,10807323083.841965
2023-02-19,1692.518962831222,203613145994.36063,5863446679.020431
2023-02-20,1680.3786857000732,202999098993.98264,7499517187.119554
2023-02-21,1700.1986814992665,204900256888.84143,8435810846.264387
2023-02-22,1656.582369571119,199387951962.05505,9728814194.484385
2023-02-23,1643.1733937453491,198153971276.35596,9836391621.850904
2023-02-24,1651.850006691427,198619189860.05597,9698749201.902168
2023-02-25,1608.1034936538365,193773223390.3348,9609840835.076471
2023-02-26,1593.9519737908456,192056375721.21072,6117521125.045025
2023-02-27,1640.5827101943062,197696596339.3676,6357994998.206232
2023-02-28,1633.9766289833815,197018105507.06076,7916573299.24559
2023-03-01,1606.632639454843,193276888983.6779,6883711561.9226
2023-03-02,1663.925777294461,200476156508.34192,8672222866.055677
2023-03-03,1647.6646669077718,198520753673.54544,7930395056.206914
2023-03-04,1570.668210599776,189178795460.26093,11179316252.20772
2023-03-05,1568.4956010562191,189002414068.6852,4800994312.370927
2023-03-06,1563.2256620056305,188337456156.2138,62172854406.22754
2023-03-07,1567.3501465252189,188803304807.8448,6627693313.532333
2023-03-08,1563.813182247501,187945419858.86072,8523808476.527845
2023-03-09,1535.2602520971095,185138878803.2572,11881879818.725237
2023-03-10,1440.167661880184,173232609854.28854,10861201441.135424
2023-03-11,1429.6031691041849,172474466355.71472,14696381616.840977
2023-03-12,1474.40324440156,176915178456.41873,18345198261.395977
2023-03-13,1588.1968020530471,190440681263.2129,13967891188.499998
2023-03-14,1678.915634393308,202294154847.0903,65211714924.50839
2023-03-15,1708.300897366666,205738833552.65436,19833762797.583607
2023-03-16,1658.0701085663115,199607487558.33243,17257648020.36215
2023-03-17,1679.7924762080895,202411234958.1569,30201930394.76128
2023-03-18,1793.2988017342332,215660560704.77524,14459727611.041803
2023-03-19,1769.4253269123851,213123927233.32803,11976182095.296053
2023-03-20,1801.3674190114589,217844457987.9951,10745813975.10349
2023-03-21,1744.4414599600184,209763828559.9232,12973595973.359987
2023-03-22,1811.4112436682733,218008486913.6836,10831022955.199936
2023-03-23,1747.6400281141143,210285658211.08432,13820716099.501862
2023-03-24,1824.9566578949327,219518418514.19247,10980967034.937744
2023-03-25,1751.2194078261723,212072713258.261,11601017881.786585
2023-03-26,1753.982636507409,211355889911.33264,8023849174.389528
2023-03-27,1776.867690456723,214528709136.8291,8417258785.455161
2023-03-28,1719.1709726748606,206685090340.53693,9757415238.165146
2023-03-29,1776.043639329832,213909228254.6471,9548011563.71663
2023-03-30,1795.5369478273235,216268184816.8208,10395388838.768845
2023-03-31,1792.9085783080432,216024475834.15308,10958214915.427898
2023-04-01,1824.0200055528176,219903281108.44144,10329452626.6318
2023-04-02,1823.0003798253083,219561711559.01,6199278060.289369
2023-04-03,1797.7369883938552,216494189054.4792,6679784659.59878
2023-04-04,1810.466255484756,218499091537.9477,11141583996.17221
2023-04-05,1871.333525898643,225257854355.94864,11580514457.961864
2023-04-06,1911.3386899517511,230370056366.2714,11586484696.705976
2023-04-07,1872.2466823679092,225549620778.91388,9208408844.045069
2023-04-08,1866.6575447874156,224884695655.05383,9298216041.371656
2023-04-09,1851.0506710706209,223169245107.38303,5970294474.952573
2023-04-10,1859.9403872878145,224219517643.8137,7405572878.99046
2023-04-11,1909.8820609415916,230201702660.8635,9639736045.970774
2023-04-12,1892.938911069582,227988460702.9362,10245367683.712158
2023-04-13,1920.2230311931223,231476399968.9067,13152150835.227224
2023-04-14,2012.785415162006,242284529486.34308,13956404022.5792
2023-04-15,2102.946188294908,252719453976.0147,17899705467.092876
2023-04-16,2093.166331331955,251586840869.99887,9272832786.084044
2023-04-17,2118.5987891538853,253507799906.4971,8879608633.84169
2023-04-18,2077.535664637184,247900016291.37604,10818847581.540735
2023-04-19,2103.2788135921514,251100187595.887,10121134598.143476
2023-04-20,1936.4259207983632,231458322403.79388,15695628542.024448
2023-04-21,1943.4355981925776,233965107542.7419,12422352272.165218
2023-04-22,1850.1497384242152,222536195564.3714,13427480065.767445
2023-04-23,1877.5413280611456,226130094815.9329,7809497062.825459
2023-04-24,1863.6391422142244,224130103074.6425,7375382210.29527
2023-04-25,1842.6307920871573,221819334333.2904,9177916724.0864
2023-04-26,1870.5652231230276,225096171581.73505,9669740943.90544
2023-04-27,1867.5893250124868,224807445929.1713,16137081936.11856
2023-04-28,1910.456779102895,229940294581.2185,17307261170.94721
2023-04-29,1894.4280839501075,228152292773.1309,8853391784.29081
2023-04-30,1905.2738522732104,229429843509.54,5262009753.405011
2023-05-01,1885.3919353369213,227186562478.89905,7328083478.977482
2023-05-02,1832.725799406749,220608989107.972,9673378163.522743
2023-05-03,1870.828572787594,225192198744.26425,8338110887.912115
2023-05-04,1903.7282107352776,229058202737.14035,8855867548.894463
2023-05-05,1877.4011950525364,226033834100.12152,7156399180.62065
2023-05-06,1993.6129657474344,239911504424.29404,10662067255.96863
2023-05-07,1900.410599025731,228369002903.6794,11135926723.297115
2023-05-08,1895.2301480548908,228246618295.4416,6233921635.46938
2023-05-09,1849.2886295625285,222406833247.6045,11496171817.833504
2023-05-10,1846.0642640231483,222246427487.2296,6373057170.18455
2023-05-11,1842.865558834664,221632027136.72604,10471130832.935846
2023-05-12,1798.0719455262629,216323022928.9258,9217787395.589426
2023-05-13,1808.6949999015687,217659652941.87607,10530874714.299135
2023-05-14,1797.1994701376498,216032102439.73026,5150212384.025403
2023-05-15,1799.0086586150053,216439514891.84528,4914907456.467633
2023-05-16,1820.0447595407188,218513683684.05072,7655256291.360313
2023-05-17,1823.6630183475188,219562064257.98773,6283428506.771688
2023-05-18,1821.050634709663,219124262711.374,6647945218.37179
2023-05-19,1802.3909554834493,217078808863.77985,6170212643.307527
2023-05-20,1812.1317035605853,218083824882.0496,5092669091.509588
2023-05-21,1818.969529503585,218770214155.48007,3117917206.106029
2023-05-22,1804.9290671072804,217302257173.6874,3835867355.217712
2023-05-23,1818.4014644980853,218746186925.5668,5183573151.892912
2023-05-24,1854.1931182731785,222906967413.9726,7537701078.994168
2023-05-25,1800.736010305837,216837950430.06705,8000139188.961748
2023-05-26,1805.8057604056935,217194191610.31747,7459269403.375004
2023-05-27,1828.956536619728,219969209232.79053,6245753617.103617
2023-05-28,1830.3066513168976,220035586188.35385,4068177989.627464
2023-05-29,1913.8162493165785,230041639357.4828,7227287064.56947
2023-05-30,1893.7142740897043,227805314887.09955,6762040908.702834
2023-05-31,1901.078310164527,228588229006.90048,6019457141.148654
2023-06-01,1874.694885027078,225483513769.4682,5930556981.74496
2023-06-02,1861.7253869476187,223850958023.0443,6237923582.653606
2023-06-03,1907.2123218510076,229335461597.8791,6910486182.970303
2023-06-04,1892.0781764647577,227515751048.97668,3798117031.943576
2023-06-05,1893.178280382087,227418753400.94525,4274226592.3982735
2023-06-06,1813.6816549004,218224817446.19363,10887461193.43077
2023-06-07,1883.242584625582,226225955928.72495,9540379707.014326
2023-06-08,1832.3204025034536,220285044251.91275,8474108659.099132
2023-06-09,1846.0300017820573,222012641423.2545,4854817113.536453
2023-06-10,1839.2080126581927,221018802010.8545,5093666796.918479
2023-06-11,1754.6732284106365,210950148701.20724,41417850678.71391
2023-06-12,1751.7245965042496,210604043872.2481,5031836446.183817
2023-06-13,1742.5960525666158,209462687695.93985,6731496663.213711
2023-06-14,1736.7894371674618,208703993936.8153,6798862284.580931
2023-06-15,1650.6766675535464,198559274296.62064,8025571357.471881
2023-06-16,1664.9774623940225,200099209933.71683,8283225649.8762865
2023-06-17,1716.3772810928574,206321573355.89557,7008799576.1543255
2023-06-18,1726.372809734998,207595972780.22693,4859690685.481605
2023-06-19,1719.2731615068672,206730774198.4613,4084738737.028457
2023-06-20,1734.793103442663,208507638780.89432,5770983890.906085
2023-06-21,1790.1904407317654,215060967094.14032,7900259127.350303
2023-06-22,1892.899571916819,227581626984.15152,12294793429.600212
2023-06-23,1874.177947016714,225381084937.87924,9842202528.70774
2023-06-24,1891.3450080216776,227419416441.5965,9303341351.32525
2023-06-25,1875.0599619284883,225448939889.35516,4889178964.702732
2023-06-26,1899.1473121046051,228332438014.13016,7363880089.050316
2023-06-27,1859.8024196427973,223061316934.54123,9893270861.839865
2023-06-28,1890.0129037837075,227143144300.6532,8806434878.37696
2023-06-29,1828.458336400725,219923192180.6849,6821723542.735137
2023-06-30,1853.4452458749936,222892015037.67108,6609358548.632103
2023-07-01,1934.0457142617756,232417040695.4234,11695335269.509533
2023-07-02,1924.5672408676517,231096044843.46228,5763533551.087498
2023-07-03,1933.9598813832076,232373535009.1871,7183593046.18616
2023-07-04,1953.7811276489165,234942840998.13852,9155212793.37497
2023-07-05,1937.0004255391357,233226523011.07104,6067277571.219523
2023-07-06,1910.5052605097408,230045605241.41965,8180984490.329683
2023-07-07,1855.4747836363103,223411633998.65668,13544056615.640348
2023-07-08,1869.317187141899,224666147793.60876,8877609275.171074
2023-07-09,1864.8685919146385,224139520023.71573,5224435476.270515
2023-07-10,1866.9167424803984,224416034755.062,2772113286.210201
2023-07-11,1875.2742726720533,225295266243.2764,8878301263.054636
2023-07-12,1875.8658719294945,225467256388.71957,5503014510.733429
2023-07-13,1873.5068153773984,225081147081.1057,7979716345.774549
2023-07-14,2003.253616074307,240656450975.356,12253238016.10312
2023-07-15,1935.9402407442035,232297518076.9016,13163947666.120016
2023-07-16,1931.389384157173,232081207333.19733,4430406660.749946
2023-07-17,1923.0359898160436,230847045457.2026,4551682234.721218
2023-07-18,1912.1228355695637,229772643177.76276,7684722413.234391
2023-07-19,1897.199112644643,227853365302.58752,9120475118.907444
2023-07-20,1889.2238055517664,227127167868.4293,8894957096.351507
2023-07-21,1891.0145054589368,227484313829.408,11204166583.061834
2023-07-22,1891.4724028266849,227467577018.69772,6309767940.447504
2023-07-23,1858.311195808306,223308803225.0452,5837098870.775477
2023-07-24,1887.8269808569785,226861079166.83176,6531824636.513696
2023-07-25,1850.431150587501,222318417477.21103,9438614856.624678
2023-07-26,1857.5965927470295,223476900309.93112,4329972807.86323
2023-07-27,1871.5331057115,224855185617.9887,7307465774.976813
2023-07-28,1858.77702138144,223413249190.37912,6626220422.969731
2023-07-29,1874.6939950760675,225320465659.74567,4775263924.223373
2023-07-30,1880.9180765299411,226074318965.13025,2990426323.771476
2023-07-31,1861.8699097932104,223813641443.30435,5791342964.545562
2023-08-01,1857.276195762852,223177200443.9528,6106091989.307732
2023-08-02,1869.7451086679923,225952018918.58212,8990773317.298777
2023-08-03,1838.0119518760305,220936460217.74472,8178850227.510264
2023-08-04,1835.701302675286,220768212248.9121,5908647350.667135
2023-08-05,1828.46119377611,219476177802.6977,6229669774.689679
2023-08-06,1835.0705778421905,220487019493.58868,2952349825.885361
2023-08-07,1826.7067792702176,219533986979.75125,2992818475.645687
2023-08-08,1826.933485573052,219422824381.9936,7660232552.642202
2023-08-09,1856.8441445120409,223111331723.6391,7498117030.737751
2023-08-10,1855.8907273266504,222992437544.13272,6010104016.055266
2023-08-11,1850.876988699349,222411268370.8958,3733537744.9027367
2023-08-12,1847.541835114324,222019374228.7649,3694816570.962365
2023-08-13,1848.505238656101,222069758272.72745,2215986526.701653
2023-08-14,1839.512809542205,220948326523.3336,3642424563.740612
2023-08-15,1843.5133910053464,221564238004.3088,4495324729.871393
2023-08-16,1826.9131281594616,219472776850.51175,4416612452.1140585
2023-08-17,1809.4604742643007,217444475880.3843,6472231164.689248
2023-08-18,1675.862170945784,201482976932.07773,20962774898.104237
2023-08-19,1660.6791095302815,199322878932.42487,11856910739.734947
2023-08-20,1669.233454808334,200676423059.4708,8226872103.119698
2023-08-21,1682.461825140931,202267391138.31247,6156816706.795544
2023-08-22,1666.8404654985095,200439393151.86392,6712093708.842867
2023-08-23,1635.191294137295,196541301460.12344,10108448994.686905
2023-08-24,1679.123993491918,201763902449.85117,10823959050.709232
2023-08-25,1658.3996538851384,199312028651.97318,6850697254.402818
2023-08-26,1653.4293196573103,198709215180.56836,7030468153.067507
2023-08-27,1645.9049996794286,197789939427.44345,2322940231.9234123
2023-08-28,1656.9310584772877,199214693241.6577,2572900593.8254514
2023-08-29,1653.198566161456,198642500829.7732,4779399186.377881
2023-08-30,1730.1902578762465,207724452339.73703,15798207852.361956
2023-08-31,1705.1081032258105,205067943948.6809,7523425414.671642
2023-09-01,1645.1815254166893,197803774139.33783,11279510278.983656
2023-09-02,1630.6058904999302,196004320566.4386,9227778945.887491
2023-09-03,1636.1621989563407,196740112479.6953,3262521603.9087152
2023-09-04,1635.4030431134638,196612298871.42145,4542394704.482584
2023-09-05,1630.6275466678564,195725018396.24792,5906286578.073623
2023-09-06,1633.077003857269,196210323898.26404,6218544481.16628
2023-09-07,1632.9024163463462,196288430172.8556,7246472222.521928
2023-09-08,1646.3050827277937,197814700367.66592,6834398037.677842
2023-09-09,1636.354258593187,196733382406.69147,7077406725.09963
2023-09-10,1634.4459462937054,196524550291.2688,2588492462.723674
2023-09-11,1617.486179584741,194563248123.9965,6682429116.848482
2023-09-12,1549.8934231592937,186283839916.62595,12284774715.493246
2023-09-13,1594.974501393525,191687080858.3302,11290460280.977287
2023-09-14,1607.736697039678,193243620018.56183,7824745808.137917
2023-09-15,1626.436340686946,195463813946.392,8399894536.861646
2023-09-16,1641.9347582842215,197321595722.872,6794504241.698757
2023-09-17,1634.4198849990876,196489101206.889,4301244951.269605
2023-09-18,1622.47877705834,194894815433.2932,4510503165.419271
2023-09-19,1636.6346089914616,196866517080.99243,9941458718.149675
2023-09-20,1643.69841825706,197579394306.666,7059055142.620994
2023-09-21,1621.5329552921687,195238284476.48944,8720556237.90573
2023-09-22,1583.824247006604,190533550315.61185,8689409317.938787
2023-09-23,1593.47015355046,191671036661.16183,5032536233.345791
2023-09-24,1593.1799744357936,191463785607.09103,2737157669.674098
2023-09-25,1580.4777945863666,190012572341.59976,4019151198.2509913
2023-09-26,1588.471183440202,190754565038.93527,5882822941.20384
2023-09-27,1592.4861256187212,191614654068.4459,4739690827.753225
2023-09-28,1597.4168102614992,192175393181.7551,5727217120.031466
2023-09-29,1652.196396535431,198707180238.3852,13122144914.120922
2023-09-30,1667.9888487709648,200591326138.499,11095088769.99322
2023-10-01,1670.9989557571496,200867042112.70465,5460542606.6502695
2023-10-02,1733.8180349156962,208616290407.59848,8645520966.513845
2023-10-03,1665.2764251106737,200172602294.2138,14431074410.00186
2023-10-04,1656.3220030722484,199352909263.55,7250285380.42555
2023-10-05,1648.1933725281149,198232748756.17667,8175156481.925116
2023-10-06,1612.9948892467298,193905617404.47992,8787267282.127947
2023-10-07,1646.393402292886,197904394911.01013,8345308634.790774
2023-10-08,1635.0828552489816,196552291634.25327,3685199369.829911
2023-10-09,1634.2216551482747,196420396270.57187,5142739595.525261
2023-10-10,1580.1777604853462,190023356509.71805,10498003428.26044
2023-10-11,1567.4582264892952,188607402750.23563,8495369532.839566
2023-10-12,1564.9162030441023,188207961818.06888,8015939736.17274
2023-10-13,1536.812804708381,184921581767.45752,9246820572.20174
2023-10-14,1550.9668729956577,186499171781.44952,7362297687.284468
2023-10-15,1555.4562079337263,187282206956.7056,3481897793.4944234
2023-10-16,1557.7608092483292,187396158882.85187,4201310278.827138
2023-10-17,1601.2321896426622,192317986892.3589,14887178566.969343
2023-10-18,1565.060587724063,188245637231.07703,7529155375.240333
2023-10-19,1564.0711872017082,188182177984.6937,7161437899.834143
2023-10-20,1568.3746833451946,188300682203.6159,8131899029.010305
2023-10-21,1603.9099355967796,192964601205.1603,10739505720.057476
2023-10-22,1629.2955293417388,195866648537.69147,6818675335.582143
2023-10-23,1664.5706380939323,197491207720.22275,8470836764.501468
2023-10-24,1764.9303085804013,212527885674.17044,23272549997.825783
2023-10-25,1784.773410988584,214740097898.5592,28137390855.35382
2023-10-26,1785.555149097494,214935538924.01108,15647597829.544785
2023-10-27,1804.1617691384567,216879040348.27588,19864145386.364857
2023-10-28,1780.5704118622923,214351226094.45343,12329788100.96478
2023-10-29,1776.3535658345309,213698048381.15945,5385051173.590621
2023-10-30,1798.1654135455135,215950565096.1834,6733870972.011415
2023-10-31,1809.639301345049,217544224998.03268,12283936341.05182
2023-11-01,1816.803148929945,218052557576.0985,10712345068.7021
2023-11-02,1846.482230513473,222024443887.90036,18025272109.67057
2023-11-03,1800.9071798806326,216775540617.1553,15441869609.99988
2023-11-04,1834.1730567056395,220418913057.4458,12992122083.558926
2023-11-05,1855.454385276214,223507407757.9744,8686638673.41189
2023-11-06,1895.9380660074169,227772620755.0978,12950158459.808771
2023-11-07,1898.5182255844231,228021051988.9896,12499005108.482542
2023-11-08,1887.315321843377,226838264619.02615,16015418080.253284
2023-11-09,1891.491779137154,227339109898.11093,11363875212.379084
2023-11-10,2128.6095039438637,255606798758.6788,43401498655.145584
2023-11-11,2078.853466304058,250188481452.51236,25647329729.074715
2023-11-12,2052.994586063755,246828307403.76892,14070951950.662403
2023-11-13,2046.0870799735533,246086372437.43423,9202824690.86152
2023-11-14,2060.5328561356905,248110456054.52948,21731324925.731487
2023-11-15,1980.5154306252412,238322049371.8137,21308023194.014256
2023-11-16,2061.635532253063,247252247163.20584,22504704552.247604
2023-11-17,1962.243839589886,235765269163.39795,23688548271.260708
2023-11-18,1956.5174321166123,235552986140.5357,21074972017.71192
2023-11-19,1962.6305661102024,236086751710.85895,13274234821.204763
2023-11-20,2011.1267210635333,242034207822.1622,11281190664.855837
2023-11-21,2022.3881475372507,243006229904.03052,16799253254.276203
2023-11-22,1940.4448103653,233744228838.17505,20758981846.62923
2023-11-23,2065.9414413104028,248555178589.6872,25168416335.34777
2023-11-24,2062.269551857858,247876188093.7795,13614279337.488348
2023-11-25,2080.8517575183496,250091072371.2108,20665503027.73338
2023-11-26,2085.426621540017,250789193104.9349,6530490765.972065
2023-11-27,2064.0742181655314,248377596959.2049,12075707002.739227
2023-11-28,2030.000505811856,243720423942.89383,19226881871.14826
2023-11-29,2048.535256652576,246262800348.0733,16424574534.70982
2023-11-30,2025.9373276989,244001473817.2662,13099062740.857197
2023-12-01,2051.7567179447,246848217845.1464,11625915810.90232
2023-12-02,2085.71236132094,250640652575.9316,19913080652.27421
2023-12-03,2165.297880951399,260240551667.01883,14460351398.390474
2023-12-04,2190.7040403697074,263980793708.9081,13166580462.9591
2023-12-05,2242.961542677477,269584983992.8464,30345337042.00411
2023-12-06,2294.0951698534136,275703016277.70374,28729334531.59492
2023-12-07,2232.0254402104606,268795534917.09488,21223942410.36482
2023-12-08,2354.386930946088,283213143190.7205,25387351572.19284
2023-12-09,2359.889056483325,283054038646.35785,20568283522.94774
2023-12-10,2341.07248115182,281067496144.66614,15387242081.073635
2023-12-11,2352.098728488917,282723216106.4694,10817893038.042538
2023-12-12,2222.346838400032,267009290987.55844,18600214563.342213
2023-12-13,2200.3337161808727,264706953102.87967,11775411206.200735
2023-12-14,2260.8823525751127,271717710927.8944,17312498671.815353
2023-12-15,2317.465074373697,278468385078.2856,18515638424.0283
2023-12-16,2219.9516178764084,267126085639.7962,15188397489.44516
2023-12-17,2227.936447135476,267401843617.0704,8454757543.524233
2023-12-18,2199.540121188385,264433892856.22263,8867828029.60357
2023-12-19,2216.929013563485,266320508900.2563,14071140889.309969
2023-12-20,2176.839412657436,261622480885.4028,15258004716.30936
2023-12-21,2198.421404460542,264119934496.6169,19155737312.5646
2023-12-22,2236.186961753279,268661930922.998,19466743544.995804
2023-12-23,2327.048962711535,279870641392.9921,23783915985.97625
2023-12-24,2310.955662998272,278079278701.17706,9758407679.07541
2023-12-25,2264.911143671657,272522653481.91705,12635088285.645493
2023-12-26,2273.632612114653,273465660867.21103,11373112598.880953
2023-12-27,2230.8761843957795,268089393468.35117,15654849177.200323
2023-12-28,2376.771249284193,285529301721.8697,25167308054.85203
2023-12-29,2345.2607087446872,282759891474.44507,21940267876.989635
2023-12-30,2299.52620727526,275996795853.5979,18135119123.505463
2023-12-31,2294.3440063451,275712397143.1602,13896242967.902512
2024-01-01,2279.941008568961,274292310008.218,6715146404.608721
2024-01-02,2350.026286008509,282101525979.4972,9173151405.888998
2024-01-03,2360.7821195890947,282763246110.9591,20590257636.09842
2024-01-04,2211.1708278638766,265547288684.8233,34451776444.05685
2024-01-05,2270.977439333732,273109328387.3609,18341104523.019344
2024-01-06,2267.087035484658,271936377917.22253,18739484389.94619
2024-01-07,2241.5108270042424,269489631471.8874,8619189687.821476
2024-01-08,2220.151561688879,266240104433.8105,10135753412.671106
2024-01-09,2331.6603294356382,280315688401.5355,26223624729.10309
2024-01-10,2341.160624264102,281144258787.4874,21533561122.854744
2024-01-11,2588.769163919145,310821894359.1542,44008144956.97653
2024-01-12,2618.329861896492,315246203688.67664,40605826834.77032
2024-01-13,2524.5016938912413,302053601477.7291,46082131081.854485
2024-01-14,2575.9247354333543,309464480794.1958,23318906536.949352
2024-01-15,2477.9374784307734,298600912656.6915,16820089427.876768
2024-01-16,2515.3199803936955,302747945005.6386,13348139613.156063
2024-01-17,2589.4826316304293,311194334965.7176,18488915209.86314
2024-01-18,2528.3287854519394,303773198603.9342,17068418335.9985
2024-01-19,2467.3289785137254,296559270703.1602,15098459635.774988
2024-01-20,2489.6180646533794,299282759814.2279,13514569417.235489
2024-01-21,2470.2636151036777,296860256191.2496,4996301224.731121
2024-01-22,2454.909543339834,295225509771.24744,4334792607.360363
2024-01-23,2307.5870034987734,277803770131.5404,15106296459.023476
2024-01-24,2241.942776155338,269197026588.32983,17683786156.38525
2024-01-25,2236.7393130974074,268773564276.82663,10625253854.769924
2024-01-26,2219.6145274459245,266831912453.99655,9966399827.608324
2024-01-27,2268.8707315074744,272427889718.48172,10737037817.034204
2024-01-28,2267.907851752534,272538684736.3818,4896940248.153276
2024-01-29,2257.054464645605,271358148811.4852,6994793950.05812
2024-01-30,2314.59472753004,278333996261.6204,8669925102.933998
2024-01-31,2344.001400019654,281132447253.58405,11126446197.799234
2024-02-01,2282.485867015841,274484617898.52283,11853310774.419683
2024-02-02,2301.737299308667,276594158634.78186,9678169139.51159
2024-02-03,2307.4329984830933,277280144884.45764,7666446064.332116
2024-02-04,2294.715924804408,275659236415.4575,4685406125.507428
2024-02-05,2290.084492877089,275036393714.7881,5694619446.57298
2024-02-06,2298.669906674278,276235426059.15094,7987582984.021008
2024-02-07,2372.760878734525,285135262492.3447,10525807971.402328
2024-02-08,2424.073040465209,291577099200.45905,10632263734.878746
2024-02-09,2420.9685614791365,291262614487.10425,11000404082.586426
2024-02-10,2487.8508971967804,299195541764.75714,15268873489.395958
2024-02-11,2499.4921841564314,300386801746.0373,6350552320.643601
2024-02-12,2505.076808453919,300920593632.2626,7498249910.857773
2024-02-13,2657.990407976775,318954602301.2163,15004272817.756506
2024-02-14,2641.5360974921623,317202178157.9689,20206467469.25591
2024-02-15,2780.372974906562,334517950729.3397,23414613028.17406
2024-02-16,2826.821475855177,339786694521.5841,25584981558.624416
2024-02-17,2807.3717030539606,337473828365.6669,16920199808.88798
2024-02-18,2788.561332499608,335189522076.6866,18359069390.21388
2024-02-19,2874.945276040071,345342293610.9262,24082010034.68869
2024-02-20,2943.723084777655,353799552082.8669,16450190201.022863
2024-02-21,3015.438952062055,362259530911.22736,22509955315.75328
2024-02-22,2977.0820166829903,358396919523.1304,20964306604.965725
2024-02-23,2974.1315861319918,357231363983.11096,20347103477.61334
2024-02-24,2926.2859129063518,351923786349.8605,14754511206.054205
2024-02-25,2988.317384063568,358958857165.6327,11389585546.195946
2024-02-26,3113.4082982877167,374096903874.8583,15776617346.687586
2024-02-27,3173.62994683714,381265474877.3842,20165329047.545666
2024-02-28,3242.0476538223666,389432101336.1533,23696521431.11392
2024-02-29,3380.8039555421246,404949329424.75433,36665804472.19711
2024-03-01,3347.690472423345,403025040377.09424,31202875938.14032
2024-03-02,3431.75199772032,413003335539.6049,18691101659.270218
2024-03-03,3421.89214692414,411127183431.9037,13440796396.989847
2024-03-04,3487.190931866777,418233465071.6696,15521857774.32606
2024-03-05,3634.311067557102,436264151585.7691,30343202732.344658
2024-03-06,3581.5348849085663,430091528234.3316,48669816283.38956
2024-03-07,3822.365818156151,458288266056.3264,39700333919.05692
2024-03-08,3861.900999013773,464203366204.0903,25205795146.622765
2024-03-09,3893.613884196704,467263068859.23145,27874421858.85126
2024-03-10,3916.041187699099,470299637817.7936,12069974984.534365
2024-03-11,3887.473104733291,466687383451.4314,17287014475.12306
2024-03-12,4070.6040749869994,488931556413.2426,32017734619.898235
2024-03-13,3978.685771378112,477282030875.5,29816123516.352203
2024-03-14,4007.9121260756656,480989408310.4244,24518272534.97694
2024-03-15,3879.038366642958,465517630856.3542,27637220056.20402
2024-03-16,3738.381184462065,449221029692.6131,38514576896.82427
2024-03-17,3514.222472178163,422006707853.2583,20314832749.48201
2024-03-18,3643.280347379834,437397993876.3647,22282396647.17685
2024-03-19,3525.893640670024,423582810891.4091,24255010456.17668
2024-03-20,3171.293836639821,381561860658.1416,37133280150.8351
2024-03-21,3515.6884318548646,422699933046.073,42295137774.34776
2024-03-22,3493.4304387798707,419250201097.8779,24617005638.07842
2024-03-23,3322.891277320318,398004903397.5174,22143063329.60288
2024-03-24,3353.371241538487,402787267255.3501,13554704159.635406
2024-03-25,3454.257071389558,415227254119.21,12747604656.722906
2024-03-26,3588.493402189288,429834400084.3752,19900586068.611336
2024-03-27,3591.5485279028403,430639202176.3594,20094722140.101074
2024-03-28,3505.2181161826984,419542828392.9917,20203376602.227142
2024-03-29,3560.26151146781,427723174069.2191,17254415551.733036
2024-03-30,3516.096057627979,422181197071.7956,13632549894.688292
2024-03-31,3507.6606559474685,420903294887.9552,10414010868.767834
2024-04-01,3644.767598784896,437709753307.89496,10412761139.068478
2024-04-02,3508.2477201085417,421860021837.67065,17482844811.257694
2024-04-03,3274.901203544406,393781420276.9656,23868370966.89369
2024-04-04,3316.6829546775257,398415781571.0026,16747190219.448904
2024-04-05,3332.089836615912,399925086690.5432,14937774084.622332
2024-04-06,3320.281588983444,399471237820.5192,16263669860.819763
2024-04-07,3362.838907503287,403433979836.3418,8771021395.59551
2024-04-08,3453.4361261792887,414896585077.9774,9023927898.393978
2024-04-09,3695.239391141908,443574943819.1214,17999535003.639297
2024-04-10,3503.6535996841044,421250062703.5877,18894649449.12416
2024-04-11,3539.7630640649413,425100745638.6984,18116500905.294914
2024-04-12,3508.578498448644,421184318805.19366,14665003517.99341
2024-04-13,3245.5005926983195,389342347417.11646,20300936214.359665
2024-04-14,3022.0057852476043,363676686678.5162,30855880984.66004
2024-04-15,3157.683765827796,379419782687.94165,26426482425.143723
2024-04-16,3101.190735674771,372249695864.1781,23408068977.225063
2024-04-17,3083.7060147660677,370234131392.0656,19716139064.53935
2024-04-18,2982.6157347098,358157898515.81726,18555883608.901867
2024-04-19,3064.911592229428,368394773234.49,15776619346.387112
2024-04-20,3065.682561565907,368924952677.7875,21398170387.2802
2024-04-21,3152.1915066519477,378601475454.5042,9245604715.543312
2024-04-22,3147.13775429932,377835271557.1954,9264213264.253492
2024-04-23,3199.769589894069,384466906716.16833,12101339610.34102
2024-04-24,3218.9672686428075,392775107740.5133,11111254140.889095
2024-04-25,3138.814357009402,383068563917.3423,14931662515.529316
2024-04-26,3157.6193174815944,385360500023.0152,14827151368.90256
2024-04-27,3131.419219740052,381832436730.7926,11150981612.611172
2024-04-28,3259.2522227654413,397162781507.14,12739849720.355131
2024-04-29,3259.503404256033,398637824441.876,10786187404.455635
2024-04-30,3213.6890004948136,392350038771.6116,15480798749.513744
2024-05-01,3018.549635877818,368786372970.944,19251155949.751816
2024-05-02,2976.0902075157046,364276973974.7534,22064350438.40904
2024-05-03,2988.5486490452654,358796765165.93835,14175880226.413488
2024-05-04,3102.1512923656555,373187731785.7064,13929437694.673723
2024-05-05,3115.0233215730136,374188248701.176,8430889402.258022
2024-05-06,3136.57511039041,376477227799.9195,8027546635.921553
2024-05-07,3064.5913995603364,368312963227.33984,13196102657.36935
2024-05-08,3015.159769616685,362686607634.315,11727252097.462042
2024-05-09,2975.72696606529,357038251698.12964,10555086522.407984
2024-05-10,3038.3447046668207,364426702625.022,10961137747.243967
2024-05-11,2910.684500017475,349622946794.7746,12185177562.18238
2024-05-12,2908.9827849031903,349391330491.6799,6479337783.261837
2024-05-13,2931.3106669139133,352120009302.884,5237992152.442184
2024-05-14,2948.303455265941,354155572145.7024,13930280821.074911
2024-05-15,2881.7959916152945,346305956691.41315,11258734172.441973
2024-05-16,3035.758955126304,365225903815.16327,13809709402.13564
2024-05-17,2943.5851283842208,353501038738.847,11039599517.596855
2024-05-18,3095.9968442929658,371220670629.6318,13846325669.567375
2024-05-19,3120.5493782541066,375206332441.6955,8357435200.282594
2024-05-20,3071.324418093757,368598090418.054,6983633593.912785
2024-05-21,3656.390090299324,439830728213.1206,27159496889.816044
2024-05-22,3792.486220211773,455765526085.7925,37370060267.60153
2024-05-23,3741.897740560911,449694006822.5555,24114510372.012997
2024-05-24,3766.398091341944,451934122188.91656,46761576029.50909
2024-05-25,3727.065981583209,447600344544.24176,20715688665.95576
2024-05-26,3750.077159389676,450038598582.0329,8464533427.424917
2024-05-27,3825.277957577714,459504483187.0394,10540798421.159782
2024-05-28,3893.3921058941055,467614044547.03687,15290249260.872211
2024-05-29,3840.68886040005,462070810453.6889,18146426007.646515
2024-05-30,3765.30255677808,452762636814.4171,15290595277.792278
2024-05-31,3748.63915233346,450215609802.7726,13659082592.12581
2024-06-01,3761.0692456476336,452758719430.444,12068376838.694778
2024-06-02,3813.452441559934,457995091024.9556,7216291113.118156
2024-06-03,3780.7119847349145,454304865087.93256,9915137834.269558
2024-06-04,3766.6376499412618,452084974218.36816,12609351903.623407
2024-06-05,3814.932030146498,458132490211.608,11652766019.496792
2024-06-06,3871.0820906216727,464211497547.6711,12871943841.967451
2024-06-07,3812.701856549199,458058824868.5632,11650774701.467745
2024-06-08,3679.3766523741774,442056588562.9977,16199024684.298843
2024-06-09,3683.025380134649,442391279529.5943,7575768941.686513
2024-06-10,3705.8998844045504,445276601430.4424,6301031436.913941
2024-06-11,3666.82766472582,440506095151.8904,8786880926.53714
2024-06-12,3498.55595422158,420251663393.7583,19621933421.92237
2024-06-13,3559.4475336257624,427834174694.1308,16798065224.846418
2024-06-14,3465.316584199481,417151499335.3688,14257587847.282925
2024-06-15,3478.7748349889234,418279823088.9498,14164619768.518375
2024-06-16,3565.1232591862595,428318893969.5867,12060524631.965351
2024-06-17,3618.508652976102,434773902047.7907,8663362158.145231
2024-06-18,3510.358693528904,421162133590.2396,17226962124.000225
2024-06-19,3480.4713384276088,424951660073.25385,21649791273.213665
2024-06-20,3555.9658395535403,434492651441.0919,15091044746.84232
2024-06-21,3511.28482815368,429570574514.96106,15933137676.283852
2024-06-22,3516.88098000528,430070452526.121,16100418805.143234
2024-06-23,3494.7985621731755,427271533995.0296,6342881010.269747
2024-06-24,3417.797137297825,418002114768.76056,8947881396.036127
2024-06-25,3357.1006400727606,402843439308.6059,23589084207.47341
2024-06-26,3395.304687339692,407935619100.4282,11981602845.529749
2024-06-27,3365.9446697083863,404420889593.2137,10009281218.932026
2024-06-28,3442.910158110125,413911406152.8098,11076955211.87956
2024-06-29,3374.605130306792,405590219265.0095,10962843305.829046
2024-06-30,3371.278227967461,405186539487.579,5551997884.52149
2024-07-01,3435.3183276337395,412683392973.9106,7498532249.327012
2024-07-02,3438.009078999906,413087026853.5596,11834316021.632442
2024-07-03,3417.8984255478363,410850514007.5913,8478511086.945243
2024-07-04,3295.808464429979,395971730267.60034,15473856746.245096
2024-07-05,3069.0434008340803,369571668593.03217,19209988737.68869
2024-07-06,2984.398102498264,358878418412.549,31755421068.593773
2024-07-07,3066.247437954064,368279414918.9943,9871087552.273798
2024-07-08,2928.6012310061665,350977454882.58325,10243406181.924892
2024-07-09,3016.0833537946064,362836336467.4191,20819810746.374283
2024-07-10,3064.0923605197886,368733224976.19775,14902982165.592142
2024-07-11,3099.7101861313545,372867773189.4008,14523237728.597153
2024-07-12,3102.0902302291074,372384838887.21234,14058546522.739754
2024-07-13,3132.980838609695,376300269815.6458,12435435678.40964
2024-07-14,3173.5042341380185,381711250543.1549,7830621980.637015
2024-07-15,3252.654184707363,391583812600.5758,9867236520.521011
2024-07-16,3488.538758027717,419316550609.6248,18368344859.43064
2024-07-17,3446.7658893041003,414703698412.0949,21040427365.58812
2024-07-18,3389.441287038116,407908628077.6722,16978839263.794697
2024-07-19,3428.5520187667257,412233122047.3164,14884776298.264118
2024-07-20,3505.222536388452,421392010127.0308,17784761899.551624
2024-07-21,3522.8013028122487,423550664963.5061,9427844289.70798
2024-07-22,3533.118349531153,424780865928.9678,13378492000.408422
2024-07-23,3443.073350817144,413961610216.0809,18304154013.68757
2024-07-24,3482.9837705931927,418879212976.8973,25079221799.23048
2024-07-25,3336.380253038244,401152738546.7264,15765758234.562634
2024-07-26,3173.7633983274727,381782355331.5728,25890826733.28285
2024-07-27,3278.1869575279507,394189879099.2592,15169277359.834238
2024-07-28,3254.611672582785,391424161950.5181,14496971021.239912
2024-07-29,3272.8501306701373,393579006059.7797,7818233563.235541
2024-07-30,3316.942188773212,399239444647.5382,18452148650.905613
2024-07-31,3276.981779516743,393942961780.88654,13805865977.524103
2024-08-01,3233.076804863122,388633791826.8701,16143420325.47769
2024-08-02,3204.2465237463616,385340171208.7556,17786413332.129932
2024-08-03,2983.300976694291,358543505038.73834,18785849199.903355
2024-08-04,2906.7150241765007,349395441871.3061,17701956694.58319
2024-08-05,2682.4373928187924,323403607818.7498,22171247833.139385
2024-08-06,2415.6311394312143,291245061884.5607,73571034926.63428
2024-08-07,2455.51137665051,295168597349.07764,27613148149.79636
2024-08-08,2341.590346028249,282098261495.40393,24968091142.09198
2024-08-09,2685.012750687489,322827381254.3183,24290512619.839317
2024-08-10,2602.184071276188,312353537574.9063,18077335701.97768
2024-08-11,2608.0357436286963,313697482213.2365,8849019546.648287
2024-08-12,2558.790870730736,307740266021.366,12624674028.077477
2024-08-13,2726.777988551933,328070186437.41003,22670968464.84676
2024-08-14,2703.550558764125,325002180894.27686,16366799383.61909
2024-08-15,2662.780395092489,320231285058.06165,15887432311.728333
2024-08-16,2569.8604812159274,309002097789.9878,15498476343.410463
2024-08-17,2592.249006212312,311786461030.4448,12841847017.271076
2024-08-18,2613.139261446099,314212508914.4149,5483825246.098839
2024-08-19,2614.601280626372,314682052511.7037,8617702421.12827
2024-08-20,2640.5904207330605,317616756579.9527,11730843561.162949
2024-08-21,2575.643435503567,309867213669.31934,12823659998.035198
2024-08-22,2630.2988017642488,316360729845.1586,11246256658.90509
2024-08-23,2623.289171364539,315630604929.4857,10277172867.663338
2024-08-24,2763.2554073640704,332181161792.2442,17876365362.452858
2024-08-25,2767.840733546234,332950073030.8183,11990449014.147696
2024-08-26,2745.164671605207,330332547375.3104,8312216650.941433
2024-08-27,2683.0801154902983,322816645099.5817,11486270160.014795
2024-08-28,2457.2773517547434,295636169778.93835,17505948780.2572
2024-08-29,2527.0269814017706,303958449107.31573,21234602056.030582
2024-08-30,2526.738355300341,304106394048.1237,13272715023.256617
2024-08-31,2527.690204915795,304009556580.61725,15607580785.925385
2024-09-01,2513.3643501004462,302383496015.1365,6105765553.728281
2024-09-02,2430.0202661439344,292436067877.0585,11229587557.968822
2024-09-03,2534.9048168403706,304838837601.64795,12130504179.053217
2024-09-04,2437.1471557556497,293818299349.5953,9565142020.243555
2024-09-05,2448.30785784089,294329412026.3932,16639700582.521397
2024-09-06,2367.7700509506026,284989115168.67084,11060190870.627691
2024-09-07,2223.780428382685,267574522057.00296,26087934661.284035
2024-09-08,2272.6972849951912,273350308345.93225,10405191111.340616
2024-09-09,2296.4029520764498,276344419515.7602,9844980386.825493
2024-09-10,2359.565766831627,284026097136.9972,15874675673.552357
2024-09-11,2389.4740111256497,287422889605.8082,12508388687.122389
2024-09-12,2342.9639236941434,282041230807.9828,14692963988.99108
2024-09-13,2362.300238174588,284255194234.77527,11610780893.077024
2024-09-14,2445.08621032297,294131761890.3451,13122792869.978855
2024-09-15,2418.0828083179904,290912717943.81995,7248493705.268602
2024-09-16,2322.6433317480564,279257769574.61383,9361948332.945747
2024-09-17,2295.1348386540835,276339513490.21936,16629103878.54157
2024-09-18,2341.0924132597524,281704536557.3961,14449511265.93516
2024-09-19,2361.960992100706,283874122378.3681,17524561761.811428
2024-09-20,2465.2347833172967,296680606397.51587,17820089225.37694
2024-09-21,2557.6218555442515,307586864690.1545,18498405459.395584
2024-09-22,2614.599604753501,315153052833.9301,9276102854.53634
2024-09-23,2582.847683741262,310840922229.8413,12759588941.97967
2024-09-24,2647.993162203325,318666137823.1156,19740370943.835594
2024-09-25,2653.844345308008,319524635350.52515,16584773336.25631
2024-09-26,2578.566359563475,309875035203.6359,14003678832.756737
2024-09-27,2630.94983700893,316828988137.27673,16686162392.966532
2024-09-28,2698.192821234604,324681649929.6723,16468123574.12263
2024-09-29,2680.218702062471,322761939149.4107,9607072594.439384
2024-09-30,2659.611211611689,320146112155.9396,9570811494.068226
2024-10-01,2597.3411516834435,312577514239.3695,17539259209.42195
2024-10-02,2451.631522589772,295243912099.71765,26538568534.282005
2024-10-03,2365.231040243019,284621591999.18945,20613586399.40693
2024-10-04,2348.0048369247397,282601960212.3656,18771995105.19124
2024-10-05,2416.918405555264,290928251441.44226,15230883994.399237
2024-10-06,2415.4038137445546,290706276902.6144,7362867897.959902
2024-10-07,2438.030912544012,293516242471.9333,7641011283.520121
2024-10-08,2422.7506412955013,291612805733.03143,16943828822.371426
2024-10-09,2441.465169620029,294190554781.40424,13601054198.545612
2024-10-10,2367.615096789395,285084590935.4484,14384326799.317202
2024-10-11,2381.7817088014776,286552629874.8065,14686776834.298496
2024-10-12,2435.713784369216,293162664953.97815,13097241431.234644
2024-10-13,2477.6130275578225,298282533565.2097,8538997411.470292
2024-10-14,2466.8607267086663,296977636559.92773,7516544091.44527
2024-10-15,2628.504376157751,316451494816.54065,21502937840.286705
2024-10-16,2602.0760435960988,313216116600.22363,21986428173.14599
